task_id,input_height,input_width,output_height,output_width,size_ratio,input_colors,output_colors,color_change,shape_change,grid_area,complexity_score,training_examples,pattern_type,confidence
00576224,2,2,6,6,9.0,4,4,False,True,4,0.28,2,tiling,0.9
007bbfb7,3,3,9,9,9.0,2,2,False,True,9,0.36,5,tiling,0.9
009d5c81,14,14,14,14,1.0,3,2,True,False,196,4.12,5,mapping,0.9
00d62c1b,10,10,10,10,1.0,2,3,True,False,100,2.2,5,mapping,0.9
00dbd492,15,15,15,15,1.0,2,4,True,False,225,4.7,4,mapping,0.9
017c7c7b,6,3,9,3,1.5,2,2,True,True,18,0.5,3,rule_based,0.5
025d127b,8,9,8,9,1.0,2,2,False,False,72,1.56,2,symmetry,0.6
03560426,10,10,10,10,1.0,4,4,False,False,100,2.22,3,symmetry,0.6
045e512c,21,21,21,21,1.0,4,4,False,False,441,9.04,3,symmetry,0.6
0520fde7,3,7,3,3,0.42857142857142855,3,2,True,True,21,0.58,3,extraction,0.85
05269061,7,7,7,7,1.0,4,3,True,False,49,1.18,3,mapping,0.9
05a7bcf2,30,30,30,30,1.0,4,5,True,False,900,18.24,3,mapping,0.9
05f2a901,9,10,9,10,1.0,3,3,False,False,90,1.98,3,symmetry,0.6
0607ce86,21,22,21,22,1.0,5,5,False,False,462,9.5,3,symmetry,0.6
0692e18c,3,3,9,9,9.0,2,2,False,True,9,0.32,3,tiling,0.9
06df4c85,23,23,23,23,1.0,6,6,False,False,529,10.88,3,symmetry,0.6
070dd51e,20,10,20,10,1.0,6,6,False,False,200,4.28,2,symmetry,0.6
08ed6ac7,9,9,9,9,1.0,2,5,True,False,81,1.8,2,mapping,0.9
09629e4f,11,11,11,11,1.0,7,6,True,False,121,2.76,4,mapping,0.9
0962bcdd,12,12,12,12,1.0,3,3,False,False,144,3.04,2,symmetry,0.6
09c534e7,20,20,20,20,1.0,5,5,False,False,400,8.26,3,symmetry,0.6
0a1d4ef5,30,30,2,3,0.006666666666666667,8,5,True,True,900,18.32,3,extraction,0.85
0a2355a6,14,14,14,14,1.0,2,4,True,False,196,4.12,4,mapping,0.9
0a938d79,22,9,22,9,1.0,3,3,False,False,198,4.16,4,symmetry,0.6
0b148d64,18,19,7,9,0.18421052631578946,3,2,True,True,342,7.0,3,extraction,0.85
0b17323b,15,15,15,15,1.0,2,3,True,False,225,4.64,2,mapping,0.9
0bb8deee,15,13,6,6,0.18461538461538463,6,5,True,True,195,4.18,3,extraction,0.85
0becf7df,10,10,10,10,1.0,5,5,False,False,100,2.26,3,symmetry,0.6
0c786b71,3,4,6,8,4.0,3,3,False,True,12,0.42,3,tiling,0.9
0c9aba6e,13,4,6,4,0.46153846153846156,4,2,True,True,52,1.24,4,extraction,0.85
0ca9ddb6,9,9,9,9,1.0,4,6,True,False,81,1.88,3,mapping,0.9
0d3d703e,3,3,3,3,1.0,3,3,True,False,9,0.38,4,mapping,0.9
0d87d2a6,10,20,10,20,1.0,3,3,False,False,200,4.18,3,symmetry,0.6
0e206a2e,14,15,14,15,1.0,5,5,False,False,210,4.46,3,symmetry,0.6
0e671a1a,13,13,13,13,1.0,4,5,True,False,169,3.64,4,mapping,0.9
0f63c0b9,15,15,15,15,1.0,4,4,False,False,225,4.74,4,symmetry,0.6
103eff5b,22,12,22,12,1.0,6,5,True,False,264,5.54,2,mapping,0.9
10fcaaa3,5,3,10,6,4.0,2,3,True,True,15,0.48,4,tiling,0.9
11852cab,10,10,10,10,1.0,4,4,False,False,100,2.22,3,symmetry,0.6
1190bc91,10,10,10,10,1.0,10,10,False,False,100,2.46,3,symmetry,0.6
1190e5a7,11,11,3,2,0.049586776859504134,2,1,True,True,121,2.54,3,extraction,0.85
11dc524f,13,13,13,13,1.0,3,3,False,False,169,3.56,3,symmetry,0.6
11e1fe23,12,11,12,11,1.0,4,5,True,False,132,2.86,2,mapping,0.9
12422b43,13,6,13,6,1.0,5,5,False,False,78,1.86,5,symmetry,0.6
12997ef3,11,11,6,3,0.1487603305785124,4,3,True,True,121,2.64,4,extraction,0.85
12eac192,5,8,5,8,1.0,5,4,True,False,40,1.06,4,mapping,0.9
13713586,16,17,16,17,1.0,5,5,False,False,272,5.7,3,symmetry,0.6
137eaa0f,11,11,3,3,0.0743801652892562,6,5,True,True,121,2.7,3,extraction,0.85
137f0df0,10,10,10,10,1.0,2,4,True,False,100,2.18,3,mapping,0.9
13f06aa5,12,14,12,14,1.0,4,5,True,False,168,3.6,3,mapping,0.9
140c817e,9,9,9,9,1.0,2,4,True,False,81,1.8,3,mapping,0.9
14754a24,14,15,14,15,1.0,3,4,True,False,210,4.42,4,mapping,0.9
1478ab18,8,8,8,8,1.0,2,3,True,False,64,1.44,3,mapping,0.9
14b8e18c,10,10,10,10,1.0,2,3,True,False,100,2.16,3,mapping,0.9
150deff5,8,10,8,10,1.0,2,3,True,False,80,1.76,3,mapping,0.9
15113be4,23,23,23,23,1.0,4,4,False,False,529,10.8,3,symmetry,0.6
15660dd6,19,19,5,17,0.23545706371191136,9,6,True,True,361,7.56,2,extraction,0.85
15663ba9,12,15,12,15,1.0,2,4,True,False,180,3.78,3,mapping,0.9
15696249,3,3,9,9,9.0,3,4,True,True,9,0.4,4,tiling,0.9
17829a00,16,16,16,16,1.0,3,3,False,False,256,5.28,2,symmetry,0.6
178fcbfb,10,8,10,8,1.0,4,4,False,False,80,1.82,3,symmetry,0.6
17b80ad2,12,12,12,12,1.0,7,7,False,False,144,3.24,4,symmetry,0.6
17b866bd,16,21,16,21,1.0,3,3,False,False,336,6.88,2,symmetry,0.6
17cae0c1,3,9,3,9,1.0,2,3,True,False,27,0.72,4,mapping,0.9
18286ef8,12,12,12,12,1.0,8,7,True,False,144,3.24,3,mapping,0.9
182e5d0f,12,12,12,12,1.0,4,4,False,False,144,3.1,3,symmetry,0.6
18419cfa,18,17,18,17,1.0,3,3,False,False,306,6.3,3,symmetry,0.6
18447a8d,13,11,13,11,1.0,5,5,False,False,143,3.12,3,symmetry,0.6
184a9768,20,22,20,22,1.0,7,6,True,False,440,9.12,3,mapping,0.9
195ba7dc,5,13,5,6,0.46153846153846156,3,2,True,True,65,1.48,4,extraction,0.85
1990f7a8,17,19,7,7,0.15170278637770898,2,2,False,True,323,6.6,3,extraction,0.85
19bb5feb,16,15,2,2,0.016666666666666666,5,4,True,True,240,5.04,3,extraction,0.85
1a07d186,15,14,15,14,1.0,4,3,True,False,210,4.4,3,mapping,0.9
1a244afd,16,16,16,16,1.0,3,3,True,False,256,5.3,3,mapping,0.9
1a2e2828,11,12,1,1,0.007575757575757576,6,1,True,True,132,2.88,5,extraction,0.85
1a6449f1,21,23,8,10,0.16563146997929606,10,9,True,True,483,10.1,3,extraction,0.85
1acc24af,12,12,12,12,1.0,3,4,True,False,144,3.1,4,mapping,0.9
1b2d62fb,5,7,5,3,0.42857142857142855,3,2,True,True,35,0.9,5,extraction,0.85
1b59e163,18,18,18,18,1.0,5,4,True,False,324,6.7,2,mapping,0.9
1b60fb0c,10,10,10,10,1.0,2,3,True,False,100,2.16,3,mapping,0.9
1b8318e3,15,15,15,15,1.0,9,9,False,False,225,4.92,3,symmetry,0.6
1be83260,27,15,23,11,0.6246913580246913,5,4,True,True,405,8.32,2,extraction,0.85
1bfc4729,10,10,10,10,1.0,3,3,False,False,100,2.16,2,symmetry,0.6
1c02dbbe,15,15,15,15,1.0,4,4,False,False,225,4.72,3,symmetry,0.6
1c0d0a4b,9,13,9,13,1.0,2,2,True,False,117,2.48,3,mapping,0.9
1c56ad9f,15,15,15,15,1.0,2,2,False,False,225,4.66,4,symmetry,0.6
1c786137,13,16,5,3,0.07211538461538461,5,4,True,True,208,4.4,3,extraction,0.85
1caeab9d,10,10,10,10,1.0,4,4,False,False,100,2.22,3,symmetry,0.6
1cf80156,11,12,5,3,0.11363636363636363,2,2,False,True,132,2.78,3,extraction,0.85
1d0a4b61,25,25,25,25,1.0,5,4,True,False,625,12.74,3,mapping,0.9
1d398264,20,20,20,20,1.0,6,6,False,False,400,8.3,3,symmetry,0.6
1d61978c,16,16,16,16,1.0,2,3,True,False,256,5.26,2,mapping,0.9
1da012fc,14,20,14,20,1.0,7,6,True,False,280,5.9,2,mapping,0.9
1e0a9b12,6,6,6,6,1.0,5,5,False,False,36,0.98,3,symmetry,0.6
1e32b0e9,17,17,17,17,1.0,3,3,False,False,289,5.96,3,symmetry,0.6
1e5d6875,8,8,8,8,1.0,3,5,True,False,64,1.48,2,mapping,0.9
1e81d6f9,15,15,15,15,1.0,10,10,False,False,225,4.96,3,symmetry,0.6
1efba499,12,12,12,12,1.0,4,4,False,False,144,3.1,3,symmetry,0.6
1f0c79e5,9,9,9,9,1.0,3,2,True,False,81,1.8,4,mapping,0.9
1f642eb9,10,10,10,10,1.0,7,7,False,False,100,2.34,3,symmetry,0.6
1f85a75f,30,30,3,3,0.01,3,2,True,True,900,18.14,2,extraction,0.85
1f876c06,10,10,10,10,1.0,5,5,False,False,100,2.26,3,symmetry,0.6
1fad071e,9,9,1,5,0.06172839506172839,3,2,True,True,81,1.78,3,extraction,0.85
2013d3e2,10,10,3,3,0.09,6,6,False,True,100,2.28,2,extraction,0.85
2037f2c7,25,25,4,8,0.0512,7,2,True,True,625,12.74,3,extraction,0.85
2072aba6,3,3,6,6,4.0,2,3,True,True,9,0.34,3,tiling,0.9
20818e16,16,15,6,9,0.225,4,3,True,True,240,5.0,3,extraction,0.85
20981f0e,14,16,14,16,1.0,3,3,False,False,224,4.66,3,symmetry,0.6
20fb2937,20,11,13,11,0.65,8,4,True,True,220,4.68,2,extraction,0.85
212895b5,18,17,18,17,1.0,3,5,True,False,306,6.34,3,mapping,0.9
21f83797,13,13,13,13,1.0,2,3,True,False,169,3.52,2,mapping,0.9
2204b7a8,10,10,10,10,1.0,4,3,True,False,100,2.2,3,mapping,0.9
22168020,10,10,10,10,1.0,3,3,False,False,100,2.18,3,symmetry,0.6
22208ba4,16,16,16,16,1.0,2,2,False,False,256,5.28,4,symmetry,0.6
22233c11,10,10,10,10,1.0,2,3,True,False,100,2.16,3,mapping,0.9
22425bda,7,7,1,2,0.04081632653061224,3,2,True,True,49,1.16,4,extraction,0.85
22806e14,16,16,16,16,1.0,3,3,False,False,256,5.3,3,symmetry,0.6
2281f1f4,10,10,10,10,1.0,2,3,True,False,100,2.16,3,mapping,0.9
228f6490,10,10,10,10,1.0,5,5,False,False,100,2.26,3,symmetry,0.6
22a4bbc2,20,4,20,4,1.0,3,4,True,False,80,1.82,4,mapping,0.9
22eb0ac0,10,10,10,10,1.0,6,6,False,False,100,2.3,3,symmetry,0.6
230f2e48,10,10,10,10,1.0,4,4,False,False,100,2.22,3,symmetry,0.6
234bbc79,3,11,3,9,0.8181818181818182,5,4,True,True,33,0.92,4,mapping,0.7
23581191,9,9,9,9,1.0,3,4,True,False,81,1.8,2,mapping,0.9
239be575,6,7,1,1,0.023809523809523808,3,1,True,True,42,1.04,6,extraction,0.85
23b5c85d,13,15,3,4,0.06153846153846154,4,1,True,True,195,4.1,5,extraction,0.85
25094a63,30,30,30,30,1.0,5,6,True,False,900,18.26,2,mapping,0.9
252143c9,11,11,11,11,1.0,5,2,True,False,121,2.6,2,mapping,0.9
253bf280,9,6,9,6,1.0,2,3,True,False,54,1.34,8,mapping,0.9
2546ccf6,19,18,19,18,1.0,4,4,False,False,342,7.04,2,symmetry,0.6
256b0a75,22,24,22,24,1.0,10,10,False,False,528,11.02,3,symmetry,0.6
25c199f5,5,17,5,5,0.29411764705882354,4,3,True,True,85,1.94,5,extraction,0.85
25d487eb,12,12,12,12,1.0,3,3,False,False,144,3.06,3,symmetry,0.6
25d8a9c8,3,3,3,3,1.0,3,2,True,False,9,0.36,4,mapping,0.9
25e02866,14,14,4,4,0.08163265306122448,4,3,True,True,196,4.1,2,extraction,0.85
25ff71a9,3,3,3,3,1.0,2,2,False,False,9,0.34,4,symmetry,0.6
2601afb7,9,9,9,9,1.0,5,5,False,False,81,1.88,3,symmetry,0.6
264363fd,30,30,30,30,1.0,4,4,False,False,900,18.22,3,symmetry,0.6
2685904e,10,10,10,10,1.0,6,6,False,False,100,2.36,6,symmetry,0.6
2697da3f,7,8,11,11,2.1607142857142856,2,2,False,True,56,1.28,4,tiling,0.7
272f95fa,12,14,12,14,1.0,2,7,True,False,168,3.58,2,mapping,0.9
2753e76c,16,16,4,4,0.0625,5,5,False,True,256,5.38,3,extraction,0.85
278e5215,15,10,6,5,0.2,6,4,True,True,150,3.26,3,extraction,0.85
27a28665,3,3,1,1,0.1111111111111111,2,1,True,True,9,0.38,7,extraction,0.85
27a77e38,5,5,5,5,1.0,7,7,False,False,25,0.84,3,symmetry,0.6
27f8ce4f,3,3,9,9,9.0,3,4,True,True,9,0.4,4,tiling,0.9
281123b4,4,19,4,4,0.21052631578947367,6,4,True,True,76,1.84,6,extraction,0.85
28bf18c6,8,8,3,6,0.28125,2,2,False,True,64,1.42,3,extraction,0.85
28e73c20,13,13,13,13,1.0,1,2,True,False,169,3.54,5,mapping,0.9
292dd178,7,9,7,9,1.0,2,3,True,False,63,1.42,3,mapping,0.9
29623171,11,11,11,11,1.0,3,3,False,False,121,2.6,3,symmetry,0.6
29700607,12,12,12,12,1.0,4,4,False,False,144,3.1,3,symmetry,0.6
29c11459,5,11,5,11,1.0,3,4,True,False,55,1.28,2,mapping,0.9
2a28add5,10,10,10,10,1.0,10,2,True,False,100,2.28,2,mapping,0.9
2a5f8217,9,9,9,9,1.0,5,4,True,False,81,1.86,3,mapping,0.9
2b01abd0,11,12,11,12,1.0,4,4,False,False,132,2.86,3,symmetry,0.6
2b9ef948,15,20,15,20,1.0,4,2,True,False,300,6.18,3,mapping,0.9
2bcee788,10,10,10,10,1.0,3,2,True,False,100,2.18,4,mapping,0.9
2bee17df,12,12,12,12,1.0,3,4,True,False,144,3.08,3,mapping,0.9
2c0b0aff,24,24,8,8,0.1111111111111111,3,2,True,True,576,11.7,4,extraction,0.85
2c608aff,14,12,14,12,1.0,3,3,False,False,168,3.56,4,symmetry,0.6
2c737e39,12,12,12,12,1.0,4,4,False,False,144,3.1,3,symmetry,0.6
2ccd9fef,24,11,8,11,0.3333333333333333,4,4,False,True,264,5.48,2,extraction,0.85
2dc579da,7,7,3,3,0.1836734693877551,3,2,True,True,49,1.14,3,extraction,0.85
2dd70a9a,10,10,10,10,1.0,4,4,False,False,100,2.22,3,symmetry,0.6
2de01db2,3,10,3,10,1.0,6,4,True,False,30,0.86,3,mapping,0.9
2dee498d,4,12,4,4,0.3333333333333333,4,4,False,True,48,1.18,3,extraction,0.85
2e65ae53,22,22,22,22,1.0,6,6,False,False,484,9.96,2,symmetry,0.6
2f0c5170,21,22,5,5,0.05411255411255411,4,3,True,True,462,9.44,3,extraction,0.85
2f767503,10,10,10,10,1.0,4,4,False,False,100,2.22,3,symmetry,0.6
2faf500b,12,12,12,12,1.0,3,2,True,False,144,3.04,3,mapping,0.9
305b1341,20,20,20,20,1.0,7,7,False,False,400,8.34,3,symmetry,0.6
30f42897,7,10,7,10,1.0,2,2,False,False,70,1.54,3,symmetry,0.6
310f3251,4,4,12,12,9.0,2,3,True,True,16,0.52,5,tiling,0.9
3194b014,20,20,3,3,0.0225,7,1,True,True,400,8.22,3,extraction,0.85
319f2597,20,20,20,20,1.0,10,10,False,False,400,8.46,3,symmetry,0.6
31aa019c,10,10,10,10,1.0,9,3,True,False,100,2.3,3,mapping,0.9
31adaf00,10,10,10,10,1.0,2,3,True,False,100,2.16,3,mapping,0.9
31d5ba1a,6,5,3,5,0.5,3,2,True,True,30,0.8,5,extraction,0.85
320afe60,22,22,22,22,1.0,2,3,True,False,484,9.84,3,mapping,0.9
321b1fc6,10,10,10,10,1.0,4,3,True,False,100,2.18,2,mapping,0.9
32597951,17,17,17,17,1.0,3,4,True,False,289,5.98,3,mapping,0.9
32e9702f,8,8,8,8,1.0,2,2,True,False,64,1.42,3,mapping,0.9
33067df9,9,5,26,26,15.022222222222222,4,4,False,True,45,1.14,4,tiling,0.9
332202d5,16,16,16,16,1.0,6,5,True,False,256,5.4,3,mapping,0.9
332efdb3,5,5,5,5,1.0,1,2,True,False,25,0.62,3,mapping,0.9
3345333e,16,16,16,16,1.0,3,2,True,False,256,5.26,2,mapping,0.9
337b420f,5,17,5,5,0.29411764705882354,5,4,True,True,85,1.96,4,extraction,0.85
3391f8c0,9,10,9,10,1.0,3,3,False,False,90,2.0,4,symmetry,0.6
33b52de3,23,23,23,23,1.0,5,4,True,False,529,10.8,2,mapping,0.9
3428a4f5,13,5,6,5,0.46153846153846156,3,2,True,True,65,1.48,4,extraction,0.85
342ae2ed,16,16,16,16,1.0,5,5,False,False,256,5.38,3,symmetry,0.6
342dd610,10,10,10,10,1.0,2,2,False,False,100,2.16,4,symmetry,0.6
3490cc26,16,18,16,18,1.0,3,4,True,False,288,5.98,4,mapping,0.9
34b99a2b,5,9,5,4,0.4444444444444444,4,2,True,True,45,1.1,4,extraction,0.85
34cfa167,24,26,24,26,1.0,5,5,False,False,624,12.72,2,symmetry,0.6
351d6448,15,13,3,13,0.2,3,2,True,True,195,4.04,2,extraction,0.85
358ba94e,16,19,5,5,0.08223684210526316,2,2,False,True,304,6.24,4,extraction,0.85
3618c87e,5,5,5,5,1.0,3,3,False,False,25,0.68,3,symmetry,0.6
363442ee,9,13,9,13,1.0,6,5,True,False,117,2.62,3,mapping,0.9
36d67576,13,13,13,13,1.0,5,5,False,False,169,3.64,3,symmetry,0.6
36fdfd69,15,16,15,16,1.0,3,4,True,False,240,5.0,3,mapping,0.9
37ce87bb,6,7,6,7,1.0,3,4,True,False,42,1.04,3,mapping,0.9
37d3e8b2,17,17,17,17,1.0,2,5,True,False,289,5.98,3,mapping,0.9
3906de3d,10,10,10,10,1.0,3,3,False,False,100,2.18,3,symmetry,0.6
396d80d7,16,16,16,16,1.0,3,3,False,False,256,5.28,2,symmetry,0.6
3979b1a8,5,5,10,10,4.0,3,3,False,True,25,0.66,2,tiling,0.9
39a8645d,14,14,3,3,0.04591836734693878,4,2,True,True,196,4.1,3,extraction,0.85
39e1d7f9,27,27,27,27,1.0,4,4,False,False,729,14.8,3,symmetry,0.6
3a301edc,16,17,16,17,1.0,3,3,False,False,272,5.66,5,symmetry,0.6
3aa6fb7a,7,7,7,7,1.0,2,3,True,False,49,1.12,2,mapping,0.9
3ac3eb23,6,7,6,7,1.0,2,2,False,False,42,0.96,2,symmetry,0.6
3ad05f52,22,26,22,26,1.0,3,3,False,False,572,11.62,3,symmetry,0.6
3af2c5a8,3,4,6,8,4.0,2,2,False,True,12,0.38,3,tiling,0.9
3b4c2228,7,5,3,3,0.2571428571428571,3,2,True,True,35,0.9,5,extraction,0.85
3bd292e8,7,7,7,7,1.0,2,3,True,False,49,1.14,3,mapping,0.9
3bd67248,3,3,3,3,1.0,2,4,True,False,9,0.36,3,mapping,0.9
3bdb4ada,8,20,8,20,1.0,3,3,False,False,160,3.36,2,symmetry,0.6
3befdf3e,10,10,10,10,1.0,3,3,False,False,100,2.18,3,symmetry,0.6
3c9b0459,3,3,3,3,1.0,2,2,False,False,9,0.34,4,symmetry,0.6
3cd86f4f,4,9,4,12,1.3333333333333333,4,5,True,True,36,0.96,3,rule_based,0.5
3d31c5b3,12,6,3,6,0.25,5,3,True,True,72,1.72,6,extraction,0.85
3d588dc9,16,16,16,16,1.0,6,7,True,False,256,5.42,2,mapping,0.9
3d6c6e23,16,13,16,13,1.0,2,2,False,False,208,4.3,3,symmetry,0.6
3de23699,12,14,4,4,0.09523809523809523,3,2,True,True,168,3.54,4,extraction,0.85
3e980e27,13,13,13,13,1.0,5,5,False,False,169,3.66,4,symmetry,0.6
3eda0437,2,20,2,20,1.0,2,3,True,False,40,0.98,4,mapping,0.9
3ee1011a,21,22,6,6,0.07792207792207792,4,3,True,True,462,9.44,3,extraction,0.85
3f23242b,10,10,10,10,1.0,2,5,True,False,100,2.18,2,mapping,0.9
3f7978a0,9,11,5,7,0.35353535353535354,3,3,False,True,99,2.16,3,extraction,0.85
4093f84a,14,14,14,14,1.0,3,2,True,False,196,4.08,3,mapping,0.9
40f6cd08,30,30,30,30,1.0,4,4,False,False,900,18.22,3,symmetry,0.6
412b6263,9,6,15,11,3.0555555555555554,3,4,True,True,54,1.28,3,tiling,0.7
414297c0,16,20,9,6,0.16875,6,4,True,True,320,6.66,3,extraction,0.85
41ace6b5,11,11,11,11,1.0,5,6,True,False,121,2.7,3,mapping,0.9
41e4d17e,15,15,15,15,1.0,2,3,True,False,225,4.64,2,mapping,0.9
423a55dc,11,13,11,13,1.0,2,2,False,False,143,3.04,5,symmetry,0.6
4258a5f9,9,9,9,9,1.0,2,3,True,False,81,1.76,2,mapping,0.9
4290ef0e,18,18,7,7,0.15123456790123457,5,5,False,True,324,6.74,3,extraction,0.85
42918530,25,19,25,19,1.0,8,8,False,False,475,9.9,4,symmetry,0.6
42a15761,9,15,9,15,1.0,2,2,False,False,135,2.84,3,symmetry,0.6
42a50994,11,19,11,19,1.0,2,2,False,False,209,4.34,4,symmetry,0.6
42f14c03,16,16,4,4,0.0625,4,2,True,True,256,5.3,3,extraction,0.85
42f83767,15,20,15,15,0.75,5,4,True,True,300,6.24,3,extraction,0.85
4347f46a,8,7,8,7,1.0,2,2,False,False,56,1.26,3,symmetry,0.6
4364c1c4,12,12,12,12,1.0,3,3,False,False,144,3.06,3,symmetry,0.6
444801d8,10,10,10,10,1.0,4,4,False,False,100,2.22,3,symmetry,0.6
445eab21,10,10,2,2,0.04,3,1,True,True,100,2.14,3,extraction,0.85
447fd412,14,12,14,12,1.0,3,3,False,False,168,3.54,3,symmetry,0.6
44d8ac46,12,12,12,12,1.0,2,3,True,False,144,3.06,4,mapping,0.9
44f52bb0,3,3,1,1,0.1111111111111111,2,1,True,True,9,0.36,6,extraction,0.85
4522001f,3,3,9,9,9.0,3,2,True,True,9,0.32,2,tiling,0.9
456873bc,11,11,11,11,1.0,3,3,True,False,121,2.6,3,mapping,0.9
45737921,7,7,7,7,1.0,3,3,False,False,49,1.16,3,symmetry,0.6
458e3a53,29,29,2,2,0.0047562425683709865,9,4,True,True,841,17.12,2,extraction,0.85
45bbe264,14,14,14,14,1.0,3,4,True,False,196,4.12,3,mapping,0.9
4612dd53,11,13,11,13,1.0,2,3,True,False,143,3.02,3,mapping,0.9
46442a0e,3,3,6,6,4.0,2,2,False,True,9,0.32,3,tiling,0.9
465b7d93,10,10,10,10,1.0,3,3,False,False,100,2.18,3,symmetry,0.6
469497ad,5,5,15,15,9.0,4,5,True,True,25,0.74,3,tiling,0.9
46c35fc7,7,7,7,7,1.0,9,9,False,False,49,1.4,3,symmetry,0.6
46f33fce,10,10,20,20,4.0,6,6,False,True,100,2.3,3,tiling,0.9
470c91de,10,10,10,10,1.0,5,4,True,False,100,2.24,3,mapping,0.9
47c1f68c,9,9,8,8,0.7901234567901234,3,2,True,True,81,1.78,3,extraction,0.85
48131b3c,2,2,4,4,4.0,2,2,False,True,4,0.22,3,tiling,0.9
484b58aa,29,29,29,29,1.0,8,7,True,False,841,17.18,3,mapping,0.9
4852f2fa,9,9,3,3,0.1111111111111111,3,2,True,True,81,1.82,5,extraction,0.85
48634b99,16,16,16,16,1.0,3,3,False,False,256,5.3,3,symmetry,0.6
48d8fb45,10,10,3,3,0.09,3,2,True,True,100,2.16,3,extraction,0.85
48f8583b,3,3,9,9,9.0,4,5,True,True,9,0.48,6,tiling,0.9
4938f0c2,10,10,10,10,1.0,3,3,False,False,100,2.18,3,symmetry,0.6
494ef9d7,10,10,10,10,1.0,9,9,False,False,100,2.44,4,symmetry,0.6
496994bd,10,5,10,5,1.0,3,3,False,False,50,1.16,2,symmetry,0.6
49d1d64f,2,3,4,5,3.3333333333333335,4,5,True,True,6,0.36,3,tiling,0.7
4a1cacc2,6,8,6,8,1.0,2,2,False,False,48,1.12,4,symmetry,0.6
4acc7107,10,10,10,10,1.0,3,3,False,False,100,2.2,4,symmetry,0.6
4b6b68e5,19,18,19,18,1.0,6,6,False,False,342,7.14,3,symmetry,0.6
4be741c5,9,7,3,1,0.047619047619047616,3,3,False,True,63,1.44,3,extraction,0.85
4c177718,15,15,9,15,0.6,5,3,True,True,225,4.74,4,extraction,0.85
4c4377d9,3,4,6,4,2.0,2,2,False,True,12,0.4,4,tiling,0.7
4c5c2cf0,14,14,14,14,1.0,3,3,False,False,196,4.1,3,symmetry,0.6
4cd1b7b2,4,4,4,4,1.0,5,4,True,False,16,0.56,3,mapping,0.9
4df5b0ae,10,10,10,10,1.0,6,5,True,False,100,2.28,3,mapping,0.9
4e45f183,19,19,19,19,1.0,3,3,False,False,361,7.4,3,symmetry,0.6
4e469f39,10,10,10,10,1.0,2,3,True,False,100,2.16,3,mapping,0.9
4e7e0eb9,9,9,9,9,1.0,5,5,False,False,81,1.9,4,symmetry,0.6
4f537728,20,20,20,20,1.0,3,3,False,False,400,8.16,2,symmetry,0.6
4ff4c9da,23,23,23,23,1.0,4,4,False,False,529,10.8,3,symmetry,0.6
5034a0b5,12,12,12,12,1.0,6,6,False,False,144,3.2,4,symmetry,0.6
505fff84,6,12,3,4,0.16666666666666666,4,2,True,True,72,1.66,5,extraction,0.85
506d28a5,9,5,4,5,0.4444444444444444,4,2,True,True,45,1.1,4,extraction,0.85
50846271,18,19,18,19,1.0,3,4,True,False,342,7.06,4,mapping,0.9
508bd3b6,12,12,12,12,1.0,3,4,True,False,144,3.08,3,mapping,0.9
50a16a69,20,20,20,20,1.0,5,4,True,False,400,8.24,3,mapping,0.9
50aad11f,12,14,4,8,0.19047619047619047,4,3,True,True,168,3.56,3,extraction,0.85
50c07299,16,16,16,16,1.0,2,2,False,False,256,5.26,3,symmetry,0.6
50cb2852,12,11,12,11,1.0,3,4,True,False,132,2.84,3,mapping,0.9
50f325b5,15,18,15,18,1.0,6,6,False,False,270,5.72,4,symmetry,0.6
5117e062,13,13,3,3,0.05325443786982249,5,2,True,True,169,3.58,3,extraction,0.85
5168d44c,13,7,13,7,1.0,3,3,False,False,91,2.0,3,symmetry,0.6
516b51b7,12,13,12,13,1.0,2,4,True,False,156,3.3,3,mapping,0.9
5207a7b5,11,8,11,8,1.0,2,4,True,False,88,1.94,3,mapping,0.9
522fdd07,16,16,16,16,1.0,6,6,False,False,256,5.44,4,symmetry,0.6
52364a65,11,11,11,11,1.0,5,5,False,False,121,2.66,2,symmetry,0.6
5289ad53,10,14,2,3,0.04285714285714286,3,3,True,True,140,3.0,4,extraction,0.85
52df9849,16,16,16,16,1.0,3,3,False,False,256,5.28,2,symmetry,0.6
52fd389e,25,25,25,25,1.0,4,4,False,False,625,12.72,3,symmetry,0.6
538b439f,20,20,20,20,1.0,4,4,False,False,400,8.2,2,symmetry,0.6
539a4f51,5,5,10,10,4.0,4,3,True,True,25,0.7,3,tiling,0.9
53b68214,8,10,10,10,1.25,2,2,False,True,80,1.74,3,rule_based,0.5
543a7ed5,15,15,15,15,1.0,2,4,True,False,225,4.66,2,mapping,0.9
54d82841,5,5,5,5,1.0,2,3,True,False,25,0.66,3,mapping,0.9
54d9e175,3,11,3,11,1.0,5,4,True,False,33,0.92,4,mapping,0.9
54db823b,15,15,15,15,1.0,3,3,False,False,225,4.7,4,symmetry,0.6
54dc2872,12,13,12,13,1.0,10,10,False,False,156,3.56,2,symmetry,0.6
55059096,14,16,14,16,1.0,2,3,True,False,224,4.64,3,mapping,0.9
551d5bf1,24,25,24,25,1.0,2,3,True,False,600,12.14,2,mapping,0.9
5521c0d9,15,15,15,15,1.0,4,4,False,False,225,4.72,3,symmetry,0.6
5582e5ca,3,3,3,3,1.0,5,1,True,False,9,0.36,3,mapping,0.9
5587a8d0,6,6,3,3,0.25,3,2,True,True,36,0.88,3,extraction,0.85
5614dbcf,9,9,3,3,0.1111111111111111,4,3,True,True,81,1.8,2,extraction,0.85
5623160b,10,10,10,10,1.0,7,7,False,False,100,2.34,3,symmetry,0.6
56dc2b01,17,5,17,5,1.0,3,4,True,False,85,1.9,3,mapping,0.9
56ff96f3,10,10,10,10,1.0,2,2,False,False,100,2.16,4,symmetry,0.6
5751f35e,10,10,10,10,1.0,4,3,True,False,100,2.18,2,mapping,0.9
575b1a71,10,10,10,10,1.0,2,5,True,False,100,2.2,3,mapping,0.9
5783df64,9,9,3,3,0.1111111111111111,10,9,True,True,81,2.06,3,extraction,0.85
5792cb4d,10,10,10,10,1.0,7,7,False,False,100,2.32,2,symmetry,0.6
57aa92db,17,18,17,18,1.0,4,4,False,False,306,6.36,4,symmetry,0.6
57edb29d,20,24,5,7,0.07291666666666667,6,2,True,True,480,9.82,3,extraction,0.85
5833af48,16,18,9,15,0.46875,4,2,True,True,288,5.94,3,extraction,0.85
58743b76,12,12,12,12,1.0,6,6,False,False,144,3.16,2,symmetry,0.6
58c02a16,7,7,7,7,1.0,3,3,False,False,49,1.16,3,symmetry,0.6
58e15b12,22,18,22,18,1.0,3,3,False,False,396,8.1,3,symmetry,0.6
59341089,3,3,3,12,4.0,3,3,False,True,9,0.38,4,tiling,0.9
5a5a2103,19,19,19,19,1.0,7,6,True,False,361,7.52,2,mapping,0.9
5a719d11,25,17,25,17,1.0,7,6,True,False,425,8.82,3,mapping,0.9
5ad4f10b,22,23,3,3,0.017786561264822136,3,2,True,True,506,10.28,3,extraction,0.85
5ad8a7c0,4,6,4,6,1.0,2,2,False,False,24,0.66,5,symmetry,0.6
5adee1b2,20,20,20,20,1.0,5,5,False,False,400,8.24,2,symmetry,0.6
5af49b42,13,15,13,15,1.0,9,9,False,False,195,4.32,3,symmetry,0.6
5b37cb25,30,30,30,30,1.0,7,7,False,False,900,18.32,2,symmetry,0.6
5b526a93,22,16,22,16,1.0,2,3,True,False,352,7.18,2,mapping,0.9
5b692c0f,14,14,14,14,1.0,3,3,False,False,196,4.08,2,symmetry,0.6
5b6cbef5,4,4,16,16,16.0,2,2,False,True,16,0.5,5,tiling,0.9
5bd6f4ac,9,9,3,3,0.1111111111111111,10,5,True,True,81,2.0,4,extraction,0.85
5c0a986e,10,10,10,10,1.0,3,3,False,False,100,2.18,3,symmetry,0.6
5c2c9af4,23,23,23,23,1.0,2,2,False,False,529,10.72,3,symmetry,0.6
5d2a5c43,6,9,6,4,0.4444444444444444,3,2,True,True,54,1.28,5,extraction,0.85
5d588b4d,8,11,5,11,0.625,2,2,False,True,88,1.92,4,extraction,0.85
5daaa586,12,12,8,8,0.4444444444444444,5,5,False,True,144,3.14,3,extraction,0.85
5e6bbc0b,5,6,5,6,1.0,3,4,True,False,30,0.82,4,mapping,0.9
5ecac7f7,5,17,5,5,0.29411764705882354,9,4,True,True,85,2.02,3,extraction,0.85
5ffb2104,6,6,6,6,1.0,5,5,False,False,36,0.98,3,symmetry,0.6
60a26a3e,14,16,14,16,1.0,2,3,True,False,224,4.64,3,mapping,0.9
60b61512,9,9,9,9,1.0,2,3,True,False,81,1.76,2,mapping,0.9
60c09cac,4,4,8,8,4.0,3,3,False,True,16,0.48,2,tiling,0.9
60d73be6,10,15,10,15,1.0,7,7,False,False,150,3.34,3,symmetry,0.6
6150a2bd,3,3,3,3,1.0,4,4,False,False,9,0.38,2,symmetry,0.6
6165ea8f,20,20,17,17,0.7225,6,8,True,True,400,8.34,3,extraction,0.85
623ea044,15,15,15,15,1.0,2,2,False,False,225,4.64,3,symmetry,0.6
626c0bcc,7,7,7,7,1.0,2,5,True,False,49,1.18,3,mapping,0.9
62ab2642,10,9,10,9,1.0,2,4,True,False,90,1.98,3,mapping,0.9
62b74c02,4,12,4,12,1.0,4,3,True,False,48,1.16,3,mapping,0.9
62c24649,3,3,6,6,4.0,4,4,False,True,9,0.4,3,tiling,0.9
6350f1f4,5,5,5,5,1.0,3,3,False,False,25,0.7,4,symmetry,0.6
63613498,10,10,10,10,1.0,7,6,True,False,100,2.32,3,mapping,0.9
639f5a19,23,23,23,23,1.0,2,6,True,False,529,10.78,2,mapping,0.9
642248e4,14,10,14,10,1.0,4,4,False,False,140,3.02,3,symmetry,0.6
642d658d,22,22,1,1,0.002066115702479339,8,1,True,True,484,9.92,3,extraction,0.85
6430c8c4,9,4,4,4,0.4444444444444444,4,2,True,True,36,0.92,4,extraction,0.85
6455b5f5,11,16,11,16,1.0,2,4,True,False,176,3.72,4,mapping,0.9
64a7c07e,5,5,5,5,1.0,2,2,False,False,25,0.64,3,symmetry,0.6
652646ff,20,20,18,6,0.27,6,4,True,True,400,8.28,4,extraction,0.85
662c240a,9,3,3,3,0.3333333333333333,6,2,True,True,27,0.78,4,extraction,0.85
668eec9a,16,16,5,3,0.05859375,5,5,False,True,256,5.38,3,extraction,0.85
66ac4c3b,22,22,22,22,1.0,3,3,False,False,484,9.84,2,symmetry,0.6
66e6c45b,4,4,4,4,1.0,5,5,False,False,16,0.56,2,symmetry,0.6
66f2d22f,4,14,4,7,0.5,3,2,True,True,56,1.3,4,extraction,0.85
67385a82,4,4,4,4,1.0,2,3,True,False,16,0.5,4,mapping,0.9
673ef223,20,10,20,10,1.0,3,4,True,False,200,4.2,3,mapping,0.9
67636eac,16,10,9,3,0.16875,4,4,False,True,160,3.42,3,extraction,0.85
6773b310,11,11,3,3,0.0743801652892562,3,2,True,True,121,2.6,4,extraction,0.85
67a3c6ac,7,7,7,7,1.0,4,4,False,False,49,1.2,3,symmetry,0.6
67a423a3,8,8,8,8,1.0,3,4,True,False,64,1.48,3,mapping,0.9
67c52801,4,5,4,5,1.0,3,3,False,False,20,0.6,4,symmetry,0.6
67e8384a,3,3,6,6,4.0,4,4,False,True,9,0.42,4,tiling,0.9
681b3aeb,10,10,3,3,0.09,3,2,True,True,100,2.16,3,extraction,0.85
6855a6e4,15,15,15,15,1.0,3,3,False,False,225,4.68,3,symmetry,0.6
689c358e,11,11,11,11,1.0,6,7,True,False,121,2.72,2,mapping,0.9
68b16354,5,5,5,5,1.0,6,6,False,False,25,0.8,3,symmetry,0.6
68b67ca3,6,6,3,3,0.25,5,5,False,True,36,0.98,3,extraction,0.85
68bc2e87,18,19,5,1,0.014619883040935672,6,5,True,True,342,7.14,4,extraction,0.85
692cd3b6,15,15,15,15,1.0,3,4,True,False,225,4.7,3,mapping,0.9
694f12f3,10,10,10,10,1.0,2,4,True,False,100,2.16,2,mapping,0.9
695367ec,2,2,15,15,56.25,1,2,True,True,4,0.2,3,tiling,0.9
696d4842,20,20,20,20,1.0,5,5,False,False,400,8.26,3,symmetry,0.6
69889d6e,10,10,10,10,1.0,3,3,False,False,100,2.2,4,symmetry,0.6
6a11f6da,15,5,5,5,0.3333333333333333,4,4,False,True,75,1.76,5,extraction,0.85
6a1e5592,10,15,10,15,1.0,3,3,True,False,150,3.16,2,mapping,0.9
6a980be1,18,19,18,19,1.0,4,4,False,False,342,7.06,3,symmetry,0.6
6aa20dc0,20,21,20,21,1.0,4,4,False,False,420,8.62,3,symmetry,0.6
6ad5bdfd,5,11,5,11,1.0,8,8,False,False,55,1.48,3,symmetry,0.6
6b9890af,19,22,5,5,0.05980861244019139,3,3,False,True,418,8.54,3,extraction,0.85
6bcdb01e,7,7,7,7,1.0,3,3,False,False,49,1.14,2,symmetry,0.6
6c434453,10,10,10,10,1.0,2,3,True,False,100,2.14,2,mapping,0.9
6ca952ad,7,7,7,7,1.0,2,2,False,False,49,1.12,3,symmetry,0.6
6cbe9eb8,14,22,12,11,0.42857142857142855,8,5,True,True,308,6.48,3,extraction,0.85
6cdd2623,13,20,13,20,1.0,4,2,True,False,260,5.38,3,mapping,0.9
6cf79266,20,20,20,20,1.0,2,3,True,False,400,8.16,3,mapping,0.9
6d0160f0,11,11,11,11,1.0,7,6,True,False,121,2.76,4,mapping,0.9
6d0aefbc,3,3,3,6,2.0,3,3,False,True,9,0.38,4,tiling,0.7
6d1d5c90,6,7,6,6,0.8571428571428571,8,6,True,True,42,1.18,3,mapping,0.7
6d58a25d,20,20,20,20,1.0,3,3,False,False,400,8.18,3,symmetry,0.6
6d75e8bb,7,8,7,8,1.0,2,3,True,False,56,1.28,3,mapping,0.9
6df30ad6,10,10,10,10,1.0,5,2,True,False,100,2.24,5,mapping,0.9
6e02f1e3,3,3,3,3,1.0,1,2,True,False,9,0.34,5,mapping,0.9
6e19193c,10,10,10,10,1.0,2,2,False,False,100,2.12,2,symmetry,0.6
6e82a1ae,10,10,10,10,1.0,2,4,True,False,100,2.18,3,mapping,0.9
6ea4a07e,3,3,3,3,1.0,2,2,True,False,9,0.38,6,mapping,0.9
6ecd11f4,27,25,3,3,0.013333333333333334,9,7,True,True,675,13.88,3,extraction,0.85
6f473927,3,3,3,6,2.0,2,3,True,True,9,0.36,4,tiling,0.7
6f8cd79b,5,4,5,4,1.0,1,2,True,False,20,0.54,4,mapping,0.9
6fa7a44f,3,3,6,3,2.0,4,4,False,True,9,0.42,4,tiling,0.7
6ffe8f07,19,19,19,19,1.0,4,5,True,False,361,7.48,4,mapping,0.9
7039b2d7,27,27,5,5,0.03429355281207133,2,1,True,True,729,14.7,3,extraction,0.85
705a3229,12,10,12,10,1.0,4,4,False,False,120,2.64,4,symmetry,0.6
712bf12e,13,14,13,14,1.0,3,3,False,False,182,3.82,3,symmetry,0.6
72207abc,3,19,3,19,1.0,4,4,False,False,57,1.36,3,symmetry,0.6
72322fa7,13,12,13,12,1.0,3,3,False,False,156,3.3,3,symmetry,0.6
72a961c9,9,6,9,6,1.0,3,3,False,False,54,1.28,4,symmetry,0.6
72ca375d,10,10,2,2,0.04,4,1,True,True,100,2.16,3,extraction,0.85
73182012,12,12,4,4,0.1111111111111111,5,5,False,True,144,3.14,3,extraction,0.85
73c3b0d8,12,8,12,8,1.0,3,3,False,False,96,2.12,4,symmetry,0.6
73ccf9c2,21,21,4,5,0.045351473922902494,2,2,False,True,441,8.96,3,extraction,0.85
7447852a,3,15,3,15,1.0,2,3,True,False,45,1.06,3,mapping,0.9
7468f01a,12,16,5,5,0.13020833333333334,3,2,True,True,192,4.0,3,extraction,0.85
746b3537,4,2,3,1,0.375,3,3,False,True,8,0.38,5,extraction,0.85
74dd1130,3,3,3,3,1.0,3,3,False,False,9,0.38,4,symmetry,0.6
753ea09b,30,30,30,30,1.0,3,3,False,False,900,18.18,3,symmetry,0.6
758abdf0,16,8,16,8,1.0,3,3,False,False,128,2.72,2,symmetry,0.6
759f3fd3,10,10,10,10,1.0,2,3,True,False,100,2.14,2,mapping,0.9
75b8110e,8,8,4,4,0.25,5,3,True,True,64,1.54,5,extraction,0.85
760b3cac,6,9,6,9,1.0,3,3,False,False,54,1.26,3,symmetry,0.6
762cd429,10,14,10,14,1.0,4,4,False,False,140,3.02,3,symmetry,0.6
770cc55f,13,5,13,5,1.0,3,4,True,False,65,1.52,4,mapping,0.9
776ffc46,20,20,20,20,1.0,4,4,False,False,400,8.24,4,symmetry,0.6
77fdfe62,6,6,2,2,0.1111111111111111,7,4,True,True,36,1.0,3,extraction,0.85
780d0b14,18,22,2,3,0.015151515151515152,6,5,True,True,396,8.2,3,extraction,0.85
782b5218,10,10,10,10,1.0,3,3,False,False,100,2.18,3,symmetry,0.6
7837ac64,29,29,3,3,0.01070154577883472,4,3,True,True,841,17.04,4,extraction,0.85
78e78cff,11,11,11,11,1.0,3,3,False,False,121,2.58,2,symmetry,0.6
79369cc6,18,16,18,16,1.0,5,5,False,False,288,6.02,3,symmetry,0.6
794b24be,3,3,3,3,1.0,2,2,True,False,9,0.46,10,mapping,0.9
7953d61e,4,4,8,8,4.0,4,4,False,True,16,0.58,5,tiling,0.9
79cce52d,7,7,6,6,0.7346938775510204,9,6,True,True,49,1.34,3,extraction,0.85
7acdf6d3,16,16,16,16,1.0,3,3,False,False,256,5.28,2,symmetry,0.6
7b6016b9,22,25,22,25,1.0,2,3,True,False,550,11.16,3,mapping,0.9
7b7f7511,3,6,3,3,0.5,3,3,False,True,18,0.54,3,extraction,0.85
7bb29440,12,11,4,6,0.18181818181818182,4,2,True,True,132,2.86,5,extraction,0.85
7c008303,9,9,6,6,0.4444444444444444,6,4,True,True,81,1.88,3,extraction,0.85
7c8af763,10,10,10,10,1.0,4,3,True,False,100,2.2,3,mapping,0.9
7c9b52a0,16,16,3,4,0.046875,6,5,True,True,256,5.4,3,extraction,0.85
7d18a6fb,17,17,7,7,0.1695501730103806,7,5,True,True,289,6.08,3,extraction,0.85
7d1f7ee8,22,28,22,28,1.0,6,4,True,False,616,12.58,3,mapping,0.9
7d419a02,16,14,16,14,1.0,3,4,True,False,224,4.68,3,mapping,0.9
7d7772cc,16,16,16,16,1.0,5,5,False,False,256,5.36,2,symmetry,0.6
7ddcd7ec,10,10,10,10,1.0,2,2,False,False,100,2.14,3,symmetry,0.6
7df24a62,23,23,23,23,1.0,3,3,False,False,529,10.78,4,symmetry,0.6
7e02026e,12,12,12,12,1.0,2,3,True,False,144,3.04,3,mapping,0.9
7e0986d6,13,16,13,16,1.0,3,2,True,False,208,4.3,2,mapping,0.9
7e2bad24,16,16,16,16,1.0,4,4,False,False,256,5.34,3,symmetry,0.6
7e4d4f7c,6,8,3,8,0.5,2,3,True,True,48,1.14,4,extraction,0.85
7e576d6e,30,30,30,30,1.0,4,4,False,False,900,18.22,3,symmetry,0.6
7ec998c9,8,8,8,8,1.0,2,3,True,False,64,1.44,3,mapping,0.9
7ee1c6ea,10,10,10,10,1.0,4,4,False,False,100,2.22,3,symmetry,0.6
7f4411dc,17,17,17,17,1.0,2,2,False,False,289,5.92,3,symmetry,0.6
7fe24cdd,3,3,6,6,4.0,4,4,False,True,9,0.4,3,tiling,0.9
80214e03,20,14,3,3,0.03214285714285714,7,6,True,True,280,5.92,3,extraction,0.85
80af3007,16,18,9,9,0.28125,2,2,False,True,288,5.9,3,extraction,0.85
810b9b61,15,15,15,15,1.0,2,3,True,False,225,4.66,3,mapping,0.9
817e6c09,7,7,7,7,1.0,2,3,True,False,49,1.18,5,mapping,0.9
81c0276b,16,16,2,3,0.0234375,4,3,True,True,256,5.32,3,extraction,0.85
825aa9e9,6,10,6,10,1.0,3,3,False,False,60,1.4,4,symmetry,0.6
82819916,12,8,12,8,1.0,8,8,False,False,96,2.32,4,symmetry,0.6
83302e8f,29,29,29,29,1.0,2,3,True,False,841,16.98,3,mapping,0.9
833966f4,5,1,5,1,1.0,5,5,False,False,5,0.34,2,symmetry,0.6
833dafe3,4,4,8,8,4.0,4,4,False,True,16,0.52,2,tiling,0.9
834ec97d,5,5,5,5,1.0,2,3,True,False,25,0.66,3,mapping,0.9
83b6b474,6,6,4,4,0.4444444444444444,5,5,False,True,36,0.96,2,extraction,0.85
83eb0a57,30,30,9,5,0.05,4,3,True,True,900,18.2,3,extraction,0.85
8403a5d5,10,10,10,10,1.0,2,3,True,False,100,2.16,3,mapping,0.9
84551f4c,3,16,3,16,1.0,3,3,False,False,48,1.14,3,symmetry,0.6
845d6e51,16,16,16,16,1.0,6,5,True,False,256,5.4,3,mapping,0.9
846bdb03,13,13,4,6,0.14201183431952663,4,4,False,True,169,3.62,4,extraction,0.85
84ba50d3,9,9,9,9,1.0,3,3,False,False,81,1.8,3,symmetry,0.6
84db8fc4,10,10,10,10,1.0,3,4,True,False,100,2.22,4,mapping,0.9
84f2aca1,6,6,6,6,1.0,2,3,True,False,36,0.9,4,mapping,0.9
855e0971,13,15,13,15,1.0,4,4,False,False,195,4.14,4,symmetry,0.6
8597cfd7,11,9,2,2,0.04040404040404041,4,1,True,True,99,2.16,4,extraction,0.85
85b81ff1,13,14,13,14,1.0,2,2,False,False,182,3.8,4,symmetry,0.6
85c4e7cd,8,8,8,8,1.0,4,4,False,False,64,1.52,4,symmetry,0.6
85fa5666,12,12,12,12,1.0,6,6,False,False,144,3.2,4,symmetry,0.6
8618d23e,4,2,5,3,1.875,4,5,True,True,8,0.4,3,rule_based,0.5
868de0fa,11,11,11,11,1.0,2,4,True,False,121,2.64,5,mapping,0.9
8719f442,3,3,15,15,25.0,2,2,False,True,9,0.32,3,tiling,0.9
8731374e,27,23,10,9,0.14492753623188406,10,2,True,True,621,12.72,3,extraction,0.85
878187ab,16,16,16,16,1.0,3,3,True,False,256,5.28,2,mapping,0.9
87ab05b8,4,4,4,4,1.0,6,2,True,False,16,0.54,3,mapping,0.9
880c1354,8,8,8,8,1.0,6,6,False,False,64,1.58,3,symmetry,0.6
88207623,16,16,16,16,1.0,5,5,False,False,256,5.36,2,symmetry,0.6
8886d717,11,11,11,11,1.0,4,4,False,False,121,2.64,3,symmetry,0.6
88a10436,8,7,8,7,1.0,5,4,True,False,56,1.36,3,mapping,0.9
88a62173,5,5,2,2,0.16,2,2,False,True,25,0.64,3,extraction,0.85
890034e9,21,21,21,21,1.0,4,4,False,False,441,9.04,3,symmetry,0.6
891232d6,23,20,23,20,1.0,3,7,True,False,460,9.48,4,mapping,0.9
896d5239,15,12,15,12,1.0,3,4,True,False,180,3.8,3,mapping,0.9
8a004b2b,17,18,7,7,0.16013071895424835,5,5,False,True,306,6.38,3,extraction,0.85
8a371977,23,23,23,23,1.0,2,3,True,False,529,10.74,3,mapping,0.9
8a6d367c,27,21,14,14,0.345679012345679,8,3,True,True,567,11.62,3,extraction,0.85
8abad3cf,7,7,4,10,0.8163265306122449,4,4,False,True,49,1.18,2,extraction,0.6
8b28cd80,3,3,9,9,9.0,2,2,False,True,9,0.36,5,tiling,0.9
8ba14f53,4,9,3,3,0.25,3,3,False,True,36,0.96,6,extraction,0.85
8be77c9e,3,3,6,3,2.0,2,2,False,True,9,0.32,3,tiling,0.7
8cb8642d,13,14,13,14,1.0,3,3,False,False,182,3.82,3,symmetry,0.6
8d5021e8,3,2,9,4,6.0,2,2,False,True,6,0.26,3,tiling,0.9
8d510a79,10,10,10,10,1.0,4,4,False,False,100,2.2,2,symmetry,0.6
8dab14c2,14,16,14,16,1.0,2,2,False,False,224,4.64,4,symmetry,0.6
8dae5dfc,17,17,17,17,1.0,7,7,False,False,289,6.14,4,symmetry,0.6
8e1813be,12,10,3,3,0.075,5,3,True,True,120,2.62,3,extraction,0.85
8e2edd66,3,3,9,9,9.0,2,2,False,True,9,0.32,3,tiling,0.9
8e301a54,10,10,10,10,1.0,4,4,False,False,100,2.22,3,symmetry,0.6
8e5a5113,3,11,3,11,1.0,5,4,True,False,33,0.9,3,mapping,0.9
8eb1be9a,10,12,10,12,1.0,2,2,False,False,120,2.52,2,symmetry,0.6
8ee62060,12,12,12,12,1.0,3,3,False,False,144,3.06,3,symmetry,0.6
8efcae92,20,20,9,9,0.2025,3,2,True,True,400,8.16,3,extraction,0.85
8f2ea7aa,9,9,9,9,1.0,2,2,False,False,81,1.76,3,symmetry,0.6
8fbca751,8,12,8,12,1.0,2,3,True,False,96,2.08,3,mapping,0.9
8fff9e47,6,4,12,12,6.0,9,9,False,True,24,0.88,2,tiling,0.9
902510d5,6,9,6,9,1.0,4,3,True,False,54,1.3,4,mapping,0.9
90347967,3,3,3,3,1.0,5,5,False,False,9,0.44,3,symmetry,0.6
90c28cc7,21,21,2,2,0.009070294784580499,5,4,True,True,441,9.06,3,extraction,0.85
90f3ed37,15,10,15,10,1.0,2,3,True,False,150,3.16,3,mapping,0.9
9110e3c5,7,7,3,3,0.1836734693877551,8,2,True,True,49,1.32,7,extraction,0.85
913fb3ed,16,16,16,16,1.0,3,5,True,False,256,5.36,4,mapping,0.9
91413438,3,3,9,9,9.0,2,2,False,True,9,0.34,4,tiling,0.9
91714a58,16,16,16,16,1.0,10,2,True,False,256,5.42,3,mapping,0.9
9172f3a0,3,3,9,9,9.0,3,3,False,True,9,0.34,2,tiling,0.9
917bccba,12,12,12,12,1.0,3,3,False,False,144,3.06,3,symmetry,0.6
928ad970,15,13,15,13,1.0,3,3,False,False,195,4.08,3,symmetry,0.6
92e50de0,23,23,23,23,1.0,3,3,False,False,529,10.76,3,symmetry,0.6
9344f635,8,8,8,8,1.0,4,4,False,False,64,1.5,3,symmetry,0.6
9356391f,16,16,16,16,1.0,6,6,False,False,256,5.4,2,symmetry,0.6
93b4f4b3,13,12,13,6,0.5,5,4,True,True,156,3.34,2,extraction,0.85
93b581b8,6,6,6,6,1.0,5,5,False,False,36,0.98,3,symmetry,0.6
93c31fbe,22,23,22,23,1.0,3,3,False,False,506,10.3,3,symmetry,0.6
94133066,22,21,9,9,0.17532467532467533,6,5,True,True,462,9.52,3,extraction,0.85
941d9a10,10,10,10,10,1.0,2,5,True,False,100,2.2,3,mapping,0.9
94414823,10,10,10,10,1.0,4,4,False,False,100,2.22,3,symmetry,0.6
9473c6fb,6,10,6,10,1.0,4,4,True,False,60,1.42,3,mapping,0.9
94be5b80,18,14,18,14,1.0,5,5,False,False,252,5.28,2,symmetry,0.6
94f9d214,8,4,4,4,0.5,3,2,True,True,32,0.82,4,extraction,0.85
952a094c,10,10,10,10,1.0,6,6,False,False,100,2.3,3,symmetry,0.6
9565186b,3,3,3,3,1.0,2,2,True,False,9,0.34,4,mapping,0.9
95755ff2,11,11,11,11,1.0,10,10,False,False,121,2.88,3,symmetry,0.6
95990924,10,10,10,10,1.0,2,6,True,False,100,2.22,3,mapping,0.9
95a58926,21,17,21,17,1.0,3,3,False,False,357,7.32,3,symmetry,0.6
963c33f8,16,16,16,16,1.0,4,4,False,False,256,5.34,3,symmetry,0.6
963e52fc,5,7,5,14,2.0,3,3,False,True,35,0.88,3,tiling,0.7
963f59bc,12,12,12,12,1.0,3,3,False,False,144,3.08,4,symmetry,0.6
96a8c0cd,22,12,22,12,1.0,4,4,False,False,264,5.52,4,symmetry,0.6
9720b24f,3,3,3,3,1.0,3,2,True,False,9,0.36,4,mapping,0.9
97239e3d,17,17,17,17,1.0,4,4,False,False,289,6.0,3,symmetry,0.6
973e499e,3,3,9,9,9.0,2,3,True,True,9,0.34,3,tiling,0.9
9772c176,22,21,22,21,1.0,2,3,True,False,462,9.38,2,mapping,0.9
97999447,10,12,10,12,1.0,4,5,True,False,120,2.64,3,mapping,0.9
97a05b5b,20,10,8,8,0.32,4,3,True,True,200,4.2,3,extraction,0.85
97c75046,10,6,10,6,1.0,3,3,False,False,60,1.38,3,symmetry,0.6
981add89,20,20,20,20,1.0,3,3,False,False,400,8.16,2,symmetry,0.6
9841fdad,14,25,14,25,1.0,5,5,False,False,350,7.24,2,symmetry,0.6
984d8a3e,10,10,10,10,1.0,3,3,False,False,100,2.16,2,symmetry,0.6
985ae207,20,20,20,20,1.0,4,4,False,False,400,8.22,3,symmetry,0.6
98c475bf,20,20,20,20,1.0,4,3,True,False,400,8.22,4,mapping,0.9
98cf29f8,13,18,13,18,1.0,3,3,False,False,234,4.86,3,symmetry,0.6
992798f6,15,16,15,16,1.0,3,4,True,False,240,5.02,4,mapping,0.9
99306f82,15,15,15,15,1.0,5,5,False,False,225,4.76,3,symmetry,0.6
995c5fa3,4,14,3,3,0.16071428571428573,2,3,True,True,56,1.3,4,extraction,0.85
9968a131,4,4,4,4,1.0,3,3,False,False,16,0.48,2,symmetry,0.6
996ec1f3,19,19,3,3,0.024930747922437674,9,5,True,True,361,7.56,3,extraction,0.85
99b1bc43,9,4,4,4,0.4444444444444444,4,2,True,True,36,0.92,4,extraction,0.85
99caaf76,8,8,8,8,1.0,10,10,False,False,64,1.74,3,symmetry,0.6
99fa7670,6,6,6,6,1.0,3,3,False,False,36,0.92,4,symmetry,0.6
9a4bb226,15,15,3,3,0.04,10,3,True,True,225,4.82,3,extraction,0.85
9aec4887,14,16,5,5,0.11160714285714286,6,6,False,True,224,4.78,3,extraction,0.85
9af7a82c,4,3,5,4,1.6666666666666667,4,5,True,True,12,0.5,4,rule_based,0.5
9b2a60aa,23,17,23,17,1.0,4,4,False,False,391,8.04,3,symmetry,0.6
9b30e358,10,5,10,5,1.0,3,3,False,False,50,1.16,2,symmetry,0.6
9b365c51,6,15,6,15,1.0,5,4,True,False,90,2.04,3,mapping,0.9
9b4c17c4,12,11,12,11,1.0,3,3,False,False,132,2.84,4,symmetry,0.6
9b5080bb,23,23,23,23,1.0,4,4,False,False,529,10.8,3,symmetry,0.6
9ba4a9aa,22,22,3,3,0.01859504132231405,9,2,True,True,484,9.96,3,extraction,0.85
9bebae7a,11,10,11,10,1.0,3,2,True,False,110,2.4,5,mapping,0.9
9c1e755f,10,10,10,10,1.0,5,5,False,False,100,2.28,4,symmetry,0.6
9c56f360,7,8,7,8,1.0,3,3,False,False,56,1.3,3,symmetry,0.6
9caba7c3,19,19,19,19,1.0,3,5,True,False,361,7.44,3,mapping,0.9
9caf5b84,6,6,6,6,1.0,5,3,True,False,36,0.96,4,mapping,0.9
9d9215db,19,19,19,19,1.0,4,4,False,False,361,7.44,3,symmetry,0.6
9ddd00f0,5,5,5,5,1.0,2,2,False,False,25,0.62,2,symmetry,0.6
9def23fe,20,15,20,15,1.0,3,3,False,False,300,6.18,3,symmetry,0.6
9dfd6313,4,4,4,4,1.0,4,4,False,False,16,0.54,3,symmetry,0.6
9edfc990,15,15,15,15,1.0,10,10,False,False,225,4.96,3,symmetry,0.6
9f236235,19,19,4,4,0.0443213296398892,5,4,True,True,361,7.46,3,extraction,0.85
9f27f097,12,12,12,12,1.0,4,3,True,False,144,3.08,3,mapping,0.9
9f41bd9c,17,17,17,17,1.0,3,4,True,False,289,5.96,2,mapping,0.9
9f5f939b,16,16,16,16,1.0,2,3,True,False,256,5.28,3,mapping,0.9
9f669b64,10,10,10,10,1.0,4,4,False,False,100,2.22,3,symmetry,0.6
9f8de559,14,14,14,14,1.0,6,6,False,False,196,4.24,4,symmetry,0.6
a04b2602,20,20,20,20,1.0,3,4,True,False,400,8.2,3,mapping,0.9
a096bf4d,26,21,26,21,1.0,6,6,False,False,546,11.22,3,symmetry,0.6
a09f6c25,19,19,19,19,1.0,2,4,True,False,361,7.4,3,mapping,0.9
a1570a43,9,10,9,10,1.0,3,3,False,False,90,2.0,4,symmetry,0.6
a1aa0c1e,21,21,3,5,0.034013605442176874,6,5,True,True,441,9.1,3,extraction,0.85
a2d730bd,22,16,22,16,1.0,3,3,False,False,352,7.22,3,symmetry,0.6
a2fd1cf0,10,16,10,16,1.0,3,4,True,False,160,3.4,3,mapping,0.9
a3325580,10,10,3,1,0.03,4,1,True,True,100,2.22,6,extraction,0.85
a3f84088,16,16,16,16,1.0,2,3,True,False,256,5.3,4,mapping,0.9
a406ac07,10,10,10,10,1.0,6,6,False,False,100,2.3,3,symmetry,0.6
a416b8f3,4,3,4,6,2.0,5,5,False,True,12,0.5,3,tiling,0.7
a416fc5b,11,11,11,11,1.0,3,5,True,False,121,2.64,3,mapping,0.9
a48eeaf7,10,10,10,10,1.0,3,3,False,False,100,2.16,2,symmetry,0.6
a5313dff,8,8,8,8,1.0,2,3,True,False,64,1.44,3,mapping,0.9
a57f2f04,23,19,23,19,1.0,4,4,False,False,437,8.96,3,symmetry,0.6
a59b95c0,3,3,6,6,4.0,2,2,False,True,9,0.36,5,tiling,0.9
a5f85a15,8,8,8,8,1.0,2,3,True,False,64,1.44,3,mapping,0.9
a61ba2ce,13,13,4,4,0.09467455621301775,5,5,False,True,169,3.62,2,extraction,0.85
a61f2674,9,9,9,9,1.0,2,3,True,False,81,1.76,2,mapping,0.9
a644e277,17,21,9,9,0.226890756302521,3,3,False,True,357,7.3,2,extraction,0.85
a64e4611,30,30,30,30,1.0,2,3,True,False,900,18.16,3,mapping,0.9
a65b410d,8,9,8,9,1.0,2,4,True,False,72,1.62,3,mapping,0.9
a680ac02,21,16,8,4,0.09523809523809523,5,3,True,True,336,6.94,3,extraction,0.85
a68b268e,9,9,4,4,0.19753086419753085,6,5,True,True,81,1.96,6,extraction,0.85
a6953f00,4,4,2,2,0.25,9,4,True,True,16,0.64,3,extraction,0.85
a699fb00,10,10,10,10,1.0,2,3,True,False,100,2.16,3,mapping,0.9
a740d043,7,7,2,3,0.12244897959183673,3,3,True,True,49,1.16,3,extraction,0.85
a78176bb,10,10,10,10,1.0,3,2,True,False,100,2.16,3,mapping,0.9
a79310a0,3,3,3,3,1.0,2,2,True,False,9,0.32,3,mapping,0.9
a834deea,12,12,12,12,1.0,2,10,True,False,144,3.18,3,mapping,0.9
a85d4709,3,3,3,3,1.0,2,2,True,False,9,0.34,4,mapping,0.9
a8610ef7,6,6,6,6,1.0,2,3,True,False,36,0.9,4,mapping,0.9
a87f7484,3,15,3,3,0.2,6,2,True,True,45,1.14,4,extraction,0.85
a8c38be5,16,14,9,9,0.36160714285714285,10,9,True,True,224,4.9,2,extraction,0.85
a8d7556c,18,18,18,18,1.0,2,3,True,False,324,6.64,3,mapping,0.9
a934301b,14,14,14,14,1.0,3,3,False,False,196,4.1,3,symmetry,0.6
a9f96cdd,3,5,3,5,1.0,2,3,True,False,15,0.48,4,mapping,0.9
aa18de87,5,12,5,12,1.0,2,3,True,False,60,1.38,4,mapping,0.9
aa300dc3,10,10,10,10,1.0,2,3,True,False,100,2.18,4,mapping,0.9
aa62e3f4,16,16,16,16,1.0,4,2,True,False,256,5.28,2,mapping,0.9
aab50785,12,17,6,5,0.14705882352941177,10,8,True,True,204,4.54,5,extraction,0.85
aabf363d,7,7,7,7,1.0,3,2,True,False,49,1.12,2,mapping,0.9
aaecdb9a,10,10,2,5,0.1,4,4,False,True,100,2.22,3,extraction,0.85
aaef0977,8,8,8,8,1.0,2,9,True,False,64,1.54,2,mapping,0.9
aba27056,9,9,9,9,1.0,2,3,True,False,81,1.78,3,mapping,0.9
abbfd121,22,20,7,7,0.11136363636363636,6,4,True,True,440,9.06,3,extraction,0.85
ac0a08a4,3,3,9,9,9.0,4,4,False,True,9,0.4,3,tiling,0.9
ac0c2ac3,9,9,9,9,1.0,6,5,True,False,81,1.9,3,mapping,0.9
ac0c5833,26,26,26,26,1.0,3,3,False,False,676,13.7,3,symmetry,0.6
ac2e8ecf,13,13,13,13,1.0,5,5,False,False,169,3.64,3,symmetry,0.6
ac3e2b04,12,12,12,12,1.0,3,4,True,False,144,3.1,4,mapping,0.9
ac605cbb,11,11,11,11,1.0,4,6,True,False,121,2.74,6,mapping,0.9
ac6f9922,17,17,2,2,0.01384083044982699,4,3,True,True,289,5.98,3,extraction,0.85
ad173014,20,22,20,22,1.0,6,6,False,False,440,9.1,3,symmetry,0.6
ad38a9d0,9,9,9,9,1.0,2,7,True,False,81,1.84,2,mapping,0.9
ad3b40cf,9,9,9,9,1.0,4,4,False,False,81,1.84,3,symmetry,0.6
ad7e01d0,4,4,16,16,16.0,4,4,False,True,16,0.56,4,tiling,0.9
ae3edfdc,15,15,15,15,1.0,5,5,False,False,225,4.76,3,symmetry,0.6
ae4f1146,9,9,3,3,0.1111111111111111,3,2,True,True,81,1.8,4,extraction,0.85
ae58858e,6,6,6,6,1.0,2,3,True,False,36,0.9,4,mapping,0.9
aedd82e4,5,4,5,4,1.0,2,3,True,False,20,0.58,4,mapping,0.9
aee291af,16,16,4,4,0.0625,3,2,True,True,256,5.28,3,extraction,0.85
af24b4cc,9,10,4,5,0.2222222222222222,9,7,True,True,90,2.18,3,extraction,0.85
af726779,11,16,11,16,1.0,2,3,True,False,176,3.68,3,mapping,0.9
af902bf9,10,10,10,10,1.0,2,3,True,False,100,2.16,3,mapping,0.9
afe3afe9,30,30,7,6,0.04666666666666667,5,4,True,True,900,18.24,3,extraction,0.85
b0722778,8,9,8,2,0.2222222222222222,9,6,True,True,72,1.78,2,extraction,0.85
b0c4d837,9,9,3,3,0.1111111111111111,3,2,True,True,81,1.84,6,extraction,0.85
b0f4d537,11,13,11,7,0.5384615384615384,6,4,True,True,143,3.14,4,extraction,0.85
b15fca0b,6,6,6,6,1.0,3,4,True,False,36,0.96,5,mapping,0.9
b190f7f5,3,6,9,9,4.5,5,4,True,True,18,0.6,3,tiling,0.9
b1948b0a,6,4,6,4,1.0,2,2,True,False,24,0.62,3,mapping,0.9
b1986d4b,28,28,5,16,0.10204081632653061,5,4,True,True,784,15.92,3,extraction,0.85
b1fc8b8e,6,6,5,5,0.6944444444444444,2,2,False,True,36,0.9,5,extraction,0.85
b20f7c8b,18,22,18,22,1.0,7,7,False,False,396,8.26,3,symmetry,0.6
b230c067,10,10,10,10,1.0,2,3,True,False,100,2.16,3,mapping,0.9
b25e450b,10,10,10,10,1.0,3,3,False,False,100,2.18,3,symmetry,0.6
b27ca6d3,15,16,15,16,1.0,2,3,True,False,240,4.94,2,mapping,0.9
b2862040,12,13,12,13,1.0,2,3,True,False,156,3.3,4,mapping,0.9
b2bc3ffd,8,8,8,8,1.0,4,4,False,False,64,1.5,3,symmetry,0.6
b457fec5,17,18,17,18,1.0,5,4,True,False,306,6.36,3,mapping,0.9
b4a43f3b,13,6,18,18,4.153846153846154,5,4,True,True,78,1.82,4,tiling,0.9
b527c5c6,20,20,20,20,1.0,3,3,False,False,400,8.2,4,symmetry,0.6
b548a754,11,11,11,11,1.0,4,3,True,False,121,2.62,3,mapping,0.9
b5bb5719,3,5,3,5,1.0,3,3,False,False,15,0.56,7,symmetry,0.6
b60334d2,9,9,9,9,1.0,2,3,True,False,81,1.76,2,mapping,0.9
b6afb2da,10,10,10,10,1.0,2,4,True,False,100,2.16,2,mapping,0.9
b71a7747,19,19,12,12,0.3988919667590028,5,2,True,True,361,7.4,2,extraction,0.85
b7249182,10,13,10,13,1.0,3,3,False,False,130,2.78,3,symmetry,0.6
b7256dcd,5,5,5,5,1.0,4,3,True,False,25,0.68,2,mapping,0.9
b745798f,11,11,11,11,1.0,4,4,False,False,121,2.64,3,symmetry,0.6
b74ca5d1,30,30,30,30,1.0,9,9,False,False,900,18.42,3,symmetry,0.6
b775ac94,20,20,20,20,1.0,5,5,False,False,400,8.26,3,symmetry,0.6
b782dc8a,13,14,13,14,1.0,4,4,False,False,182,3.84,2,symmetry,0.6
b7955b3c,18,14,18,14,1.0,7,6,True,False,252,5.36,3,mapping,0.9
b7999b51,10,15,3,3,0.06,4,4,False,True,150,3.22,3,extraction,0.85
b7cb93ac,10,12,3,4,0.1,4,3,True,True,120,2.6,3,extraction,0.85
b7f8a4d8,24,29,24,29,1.0,5,5,False,False,696,14.18,3,symmetry,0.6
b7fb29bc,15,15,15,15,1.0,2,4,True,False,225,4.68,3,mapping,0.9
b8825c91,16,16,16,16,1.0,9,8,True,False,256,5.54,4,mapping,0.9
b8cdaf2b,5,5,5,5,1.0,3,3,False,False,25,0.7,4,symmetry,0.6
b91ae062,3,3,9,9,9.0,4,4,False,True,9,0.44,5,tiling,0.9
b942fd60,8,8,8,8,1.0,5,5,False,False,64,1.6,6,symmetry,0.6
b94a9452,12,11,3,3,0.06818181818181818,3,2,True,True,132,2.8,3,extraction,0.85
b9630600,30,30,30,30,1.0,2,2,False,False,900,18.14,3,symmetry,0.6
b9b7f026,15,17,1,1,0.00392156862745098,6,1,True,True,255,5.3,3,extraction,0.85
ba1aa698,16,21,16,6,0.2857142857142857,3,3,False,True,336,6.9,3,extraction,0.85
ba26e723,3,13,3,13,1.0,2,3,True,False,39,0.98,5,mapping,0.9
ba97ae07,8,7,8,7,1.0,3,3,False,False,56,1.32,4,symmetry,0.6
ba9d41b8,13,15,13,15,1.0,3,3,False,False,195,4.08,3,symmetry,0.6
bae5c565,13,13,13,13,1.0,9,9,False,False,169,3.78,2,symmetry,0.6
baf41dbf,11,15,11,15,1.0,3,3,False,False,165,3.48,3,symmetry,0.6
bb43febb,10,10,10,10,1.0,2,3,True,False,100,2.14,2,mapping,0.9
bb52a14b,22,22,22,22,1.0,4,4,False,False,484,9.9,3,symmetry,0.6
bbb1b8b6,4,9,4,4,0.4444444444444444,4,2,True,True,36,0.98,7,extraction,0.85
bbc9ae5d,1,6,3,6,3.0,2,2,False,True,6,0.3,5,tiling,0.7
bc1d5164,5,7,3,3,0.2571428571428571,2,2,False,True,35,0.88,5,extraction,0.85
bc4146bd,4,4,4,20,5.0,3,3,False,True,16,0.52,4,tiling,0.9
bc93ec48,10,10,10,10,1.0,7,7,False,False,100,2.34,3,symmetry,0.6
bcb3040b,12,12,12,12,1.0,3,4,True,False,144,3.08,3,mapping,0.9
bd14c3bf,18,18,18,18,1.0,3,3,False,False,324,6.66,3,symmetry,0.6
bd283c4a,10,10,10,10,1.0,4,4,False,False,100,2.2,2,symmetry,0.6
bd4472b8,10,4,10,4,1.0,6,5,True,False,40,1.08,3,mapping,0.9
bd5af378,5,6,5,6,1.0,2,3,True,False,30,0.78,4,mapping,0.9
bda2d7a6,8,8,8,8,1.0,3,3,False,False,64,1.46,3,symmetry,0.6
bdad9b1f,6,6,6,6,1.0,3,4,True,False,36,0.9,2,mapping,0.9
be03b35f,5,5,2,2,0.16,3,2,True,True,25,0.66,3,extraction,0.85
be94b721,6,11,4,3,0.18181818181818182,4,2,True,True,66,1.52,4,extraction,0.85
beb8660c,7,4,7,4,1.0,5,5,False,False,28,0.82,3,symmetry,0.6
bf32578f,6,6,6,6,1.0,2,2,False,False,36,0.86,3,symmetry,0.6
bf699163,17,18,3,3,0.029411764705882353,7,2,True,True,306,6.34,2,extraction,0.85
bf89d739,14,10,14,10,1.0,2,3,True,False,140,2.98,4,mapping,0.9
c074846d,6,7,6,7,1.0,3,4,True,False,42,1.08,5,mapping,0.9
c0f76784,12,12,12,12,1.0,2,5,True,False,144,3.08,3,mapping,0.9
c1990cce,1,5,5,5,5.0,2,3,True,True,5,0.26,3,tiling,0.9
c1d99e64,12,14,12,14,1.0,2,3,True,False,168,3.52,3,mapping,0.9
c3202e5a,23,23,5,5,0.04725897920604915,10,2,True,True,529,10.88,3,extraction,0.85
c35c1b4c,10,10,10,10,1.0,4,4,False,False,100,2.22,3,symmetry,0.6
c3e719e8,3,3,9,9,9.0,3,4,True,True,9,0.38,3,tiling,0.9
c3fa4749,25,25,25,25,1.0,10,10,False,False,625,12.96,3,symmetry,0.6
c444b776,19,9,19,9,1.0,5,5,False,False,171,3.66,2,symmetry,0.6
c48954c1,3,3,9,9,9.0,4,4,False,True,9,0.4,3,tiling,0.9
c4d1a9ae,10,8,10,8,1.0,4,4,False,False,80,1.8,2,symmetry,0.6
c59eb873,2,2,4,4,4.0,3,3,False,True,4,0.26,3,tiling,0.9
c6141b15,16,16,16,16,1.0,3,3,False,False,256,5.3,3,symmetry,0.6
c61be7dc,11,11,11,11,1.0,3,3,False,False,121,2.6,3,symmetry,0.6
c62e2108,22,19,22,19,1.0,3,2,True,False,418,8.52,3,mapping,0.9
c64f1187,17,18,8,14,0.3660130718954248,6,4,True,True,306,6.36,2,extraction,0.85
c658a4bd,16,16,9,9,0.31640625,6,5,True,True,256,5.38,2,extraction,0.85
c6e1b8da,20,20,20,20,1.0,6,6,False,False,400,8.3,3,symmetry,0.6
c7d4e6ad,10,10,10,10,1.0,5,4,True,False,100,2.22,2,mapping,0.9
c803e39c,5,23,9,9,0.7043478260869566,6,2,True,True,115,2.52,3,extraction,0.85
c87289bb,10,12,10,12,1.0,3,3,False,False,120,2.6,4,symmetry,0.6
c8b7cc0f,9,9,3,3,0.1111111111111111,3,2,True,True,81,1.78,3,extraction,0.85
c8cbb738,10,8,3,3,0.1125,3,3,False,True,80,1.78,3,extraction,0.85
c8f0f002,3,4,3,4,1.0,3,3,True,False,12,0.42,3,mapping,0.9
c909285e,26,26,7,7,0.07248520710059171,5,5,False,True,676,13.78,3,extraction,0.85
c920a713,20,20,9,9,0.2025,6,5,True,True,400,8.28,3,extraction,0.85
c92b942c,4,6,12,18,9.0,2,4,True,True,24,0.68,4,tiling,0.9
c9680e90,9,9,9,9,1.0,5,4,True,False,81,1.86,3,mapping,0.9
c97c0139,19,21,19,21,1.0,2,3,True,False,399,8.12,2,mapping,0.9
c9e6f938,3,3,3,6,2.0,2,2,False,True,9,0.32,3,tiling,0.7
c9f8e694,12,12,12,12,1.0,4,3,True,False,144,3.06,2,mapping,0.9
ca8de6ea,5,5,3,3,0.36,6,5,True,True,25,0.78,3,extraction,0.85
caa06a1f,8,8,8,8,1.0,3,2,True,False,64,1.44,3,mapping,0.9
cad67732,5,5,10,10,4.0,3,3,False,True,25,0.68,3,tiling,0.9
cb227835,12,14,12,14,1.0,2,3,True,False,168,3.52,3,mapping,0.9
cbded52d,8,8,8,8,1.0,4,4,False,False,64,1.5,3,symmetry,0.6
cc9053aa,7,9,7,9,1.0,4,4,False,False,63,1.48,3,symmetry,0.6
ccd554ac,3,3,9,9,9.0,2,2,False,True,9,0.38,6,tiling,0.9
cce03e0d,3,3,9,9,9.0,3,3,False,True,9,0.36,3,tiling,0.9
cd3c21df,12,12,2,2,0.027777777777777776,5,1,True,True,144,3.06,3,extraction,0.85
cdecee7f,10,10,3,3,0.09,8,8,False,True,100,2.38,3,extraction,0.85
ce039d91,10,10,10,10,1.0,2,3,True,False,100,2.18,4,mapping,0.9
ce22a75a,9,9,9,9,1.0,2,2,True,False,81,1.74,2,mapping,0.9
ce4f8723,9,4,4,4,0.4444444444444444,4,2,True,True,36,0.92,4,extraction,0.85
ce602527,19,17,5,3,0.04643962848297214,4,2,True,True,323,6.66,4,extraction,0.85
ce8d95cc,12,9,5,3,0.1388888888888889,4,4,False,True,108,2.4,4,extraction,0.85
ce9e57f2,8,9,8,9,1.0,2,3,True,False,72,1.6,3,mapping,0.9
cf133acc,15,15,15,15,1.0,7,7,False,False,225,4.84,3,symmetry,0.6
cf5fd0ad,3,3,12,12,16.0,4,4,False,True,9,0.4,3,tiling,0.9
cf98881b,4,14,4,4,0.2857142857142857,5,4,True,True,56,1.4,5,extraction,0.85
cfb2ce5a,10,10,10,10,1.0,9,9,False,False,100,2.42,3,symmetry,0.6
d017b73f,3,11,3,9,0.8181818181818182,4,4,False,True,33,0.9,4,extraction,0.6
d037b0a7,3,3,3,3,1.0,4,4,False,False,9,0.4,3,symmetry,0.6
d06dbe63,13,13,13,13,1.0,2,3,True,False,169,3.52,2,mapping,0.9
d07ae81c,12,14,12,14,1.0,4,4,False,False,168,3.58,3,symmetry,0.6
d0f5fe59,12,12,3,3,0.0625,2,2,False,True,144,3.02,3,extraction,0.85
d10ecb37,8,8,2,2,0.0625,3,3,False,True,64,1.46,3,extraction,0.85
d13f3404,3,3,6,6,4.0,4,4,False,True,9,0.4,3,tiling,0.9
d19f7514,12,4,6,4,0.5,3,2,True,True,48,1.14,4,extraction,0.85
d22278a0,13,13,13,13,1.0,3,3,False,False,169,3.58,4,symmetry,0.6
d23f8c26,5,5,5,5,1.0,6,4,True,False,25,0.76,3,mapping,0.9
d255d7a7,14,14,14,14,1.0,3,3,False,False,196,4.1,3,symmetry,0.6
d282b262,15,15,15,15,1.0,8,8,False,False,225,4.88,3,symmetry,0.6
d2abd087,10,10,10,10,1.0,2,3,True,False,100,2.16,3,mapping,0.9
d2acf2cb,9,9,9,9,1.0,5,3,True,False,81,1.84,3,mapping,0.9
d304284e,23,28,23,28,1.0,2,3,True,False,644,13.02,2,mapping,0.9
d364b489,10,10,10,10,1.0,2,6,True,False,100,2.2,2,mapping,0.9
d37a1ef5,12,11,12,11,1.0,3,3,False,False,132,2.82,3,symmetry,0.6
d406998b,3,13,3,13,1.0,2,3,True,False,39,0.96,4,mapping,0.9
d43fd935,10,10,10,10,1.0,4,4,False,False,100,2.22,3,symmetry,0.6
d4469b4b,5,5,3,3,0.36,2,2,True,True,25,0.72,7,extraction,0.85
d47aa2ff,10,21,10,10,0.47619047619047616,5,6,True,True,210,4.48,3,extraction,0.85
d492a647,13,13,13,13,1.0,3,3,False,False,169,3.54,2,symmetry,0.6
d4a91cb9,8,11,8,11,1.0,3,4,True,False,88,1.96,3,mapping,0.9
d4b1c2b1,3,3,9,9,9.0,3,3,False,True,9,0.44,7,tiling,0.9
d4c90558,20,20,2,4,0.02,4,3,True,True,400,8.2,3,extraction,0.85
d4f3cd78,10,10,10,10,1.0,2,3,True,False,100,2.14,2,mapping,0.9
d511f180,3,3,3,3,1.0,7,7,False,False,9,0.52,3,symmetry,0.6
d56f2372,22,17,6,7,0.11229946524064172,5,2,True,True,374,7.68,3,extraction,0.85
d5c634a2,6,7,3,6,0.42857142857142855,2,3,True,True,42,1.08,7,extraction,0.85
d5d6de2d,15,15,15,15,1.0,2,2,True,False,225,4.64,3,mapping,0.9
d631b094,3,3,1,1,0.1111111111111111,2,1,True,True,9,0.32,4,extraction,0.85
d6542281,19,19,19,19,1.0,5,5,False,False,361,7.48,3,symmetry,0.6
d687bc17,12,12,12,12,1.0,7,5,True,False,144,3.18,3,mapping,0.9
d6ad076f,10,10,10,10,1.0,3,4,True,False,100,2.2,3,mapping,0.9
d6e50e54,10,10,10,10,1.0,3,3,True,False,100,2.18,3,mapping,0.9
d749d46f,4,13,10,18,3.4615384615384617,2,2,False,True,52,1.18,3,tiling,0.7
d753a70b,16,16,16,16,1.0,5,5,False,False,256,5.38,3,symmetry,0.6
d89b689b,10,10,10,10,1.0,6,5,True,False,100,2.28,3,mapping,0.9
d8c310e9,5,15,5,15,1.0,4,4,False,False,75,1.72,3,symmetry,0.6
d90796e8,7,6,7,6,1.0,4,5,True,False,42,1.08,3,mapping,0.9
d931c21c,16,14,16,14,1.0,2,4,True,False,224,4.68,4,mapping,0.9
d93c6891,16,16,16,16,1.0,4,4,False,False,256,5.34,3,symmetry,0.6
d94c3b52,17,25,17,25,1.0,3,4,True,False,425,8.7,3,mapping,0.9
d968ffd4,5,16,5,16,1.0,3,3,False,False,80,1.78,3,symmetry,0.6
d9f24cd1,10,10,10,10,1.0,3,3,False,False,100,2.16,2,symmetry,0.6
d9fac9be,11,9,1,1,0.010101010101010102,3,1,True,True,99,2.14,4,extraction,0.85
da2b0fe3,10,10,10,10,1.0,2,3,True,False,100,2.16,3,mapping,0.9
da6e95e5,30,30,3,3,0.01,7,2,True,True,900,18.24,3,extraction,0.85
dae9d2b5,3,6,3,3,0.5,3,2,True,True,18,0.56,5,extraction,0.85
db118e2a,9,7,15,15,3.5714285714285716,4,4,False,True,63,1.5,4,tiling,0.7
db3e9e38,7,8,7,8,1.0,2,3,True,False,56,1.26,2,mapping,0.9
db615bd4,25,25,25,25,1.0,5,5,False,False,625,12.76,3,symmetry,0.6
db7260a4,10,10,10,10,1.0,3,3,False,False,100,2.22,5,symmetry,0.6
db93a21d,20,20,20,20,1.0,2,4,True,False,400,8.2,4,mapping,0.9
dbc1a6ce,12,12,12,12,1.0,2,3,True,False,144,3.06,4,mapping,0.9
dc1df850,8,8,8,8,1.0,4,5,True,False,64,1.52,3,mapping,0.9
dc2aa30b,11,11,11,11,1.0,3,3,False,False,121,2.6,3,symmetry,0.6
dc2e9a9d,23,19,23,19,1.0,2,4,True,False,437,8.92,3,mapping,0.9
dc433765,7,7,7,7,1.0,3,3,False,False,49,1.24,7,symmetry,0.6
dc46ea44,11,11,11,11,1.0,4,4,False,False,121,2.64,3,symmetry,0.6
dce56571,7,11,7,11,1.0,2,2,False,False,77,1.68,3,symmetry,0.6
dd2401ed,7,15,7,15,1.0,4,4,False,False,105,2.34,4,symmetry,0.6
ddf7fa4f,10,10,10,10,1.0,5,4,True,False,100,2.24,3,mapping,0.9
de1cd16c,16,17,1,1,0.003676470588235294,5,1,True,True,272,5.64,4,extraction,0.85
de493100,30,30,10,10,0.1111111111111111,8,7,True,True,900,18.38,4,extraction,0.85
ded97339,10,10,10,10,1.0,2,2,False,False,100,2.14,3,symmetry,0.6
df8cc377,20,20,20,20,1.0,5,5,False,False,400,8.26,3,symmetry,0.6
df978a02,16,16,16,16,1.0,5,5,False,False,256,5.38,3,symmetry,0.6
df9fd884,9,9,9,9,1.0,3,3,False,False,81,1.8,3,symmetry,0.6
e048c9ed,4,3,4,3,1.0,3,3,False,False,12,0.44,4,symmetry,0.6
e0fb7511,13,13,13,13,1.0,2,3,True,False,169,3.54,3,mapping,0.9
e133d23d,3,7,3,3,0.42857142857142855,4,2,True,True,21,0.64,5,extraction,0.85
e179c5f4,10,3,10,3,1.0,2,2,True,False,30,0.74,3,mapping,0.9
e1baa8a4,15,14,2,3,0.02857142857142857,6,6,False,True,210,4.52,4,extraction,0.85
e1d2900e,30,30,30,30,1.0,3,3,False,False,900,18.18,3,symmetry,0.6
e2092e0c,15,15,15,15,1.0,10,10,False,False,225,4.96,3,symmetry,0.6
e21a174a,7,7,7,7,1.0,4,4,False,False,49,1.2,3,symmetry,0.6
e21d9049,15,14,15,14,1.0,5,5,False,False,210,4.44,2,symmetry,0.6
e26a3af2,13,14,13,14,1.0,9,3,True,False,182,3.94,3,mapping,0.9
e345f17b,4,8,4,4,0.5,3,2,True,True,32,0.82,4,extraction,0.85
e3497940,10,9,10,4,0.4444444444444444,4,3,True,True,90,2.0,3,extraction,0.85
e39e9282,11,11,11,11,1.0,4,3,True,False,121,2.62,3,mapping,0.9
e3f79277,6,6,16,16,7.111111111111111,2,2,False,True,36,0.84,2,tiling,0.9
e3fe1151,5,5,5,5,1.0,5,5,False,False,25,0.76,3,symmetry,0.6
e4075551,15,14,15,14,1.0,6,7,True,False,210,4.52,3,mapping,0.9
e40b9e2f,10,10,10,10,1.0,3,3,False,False,100,2.18,3,symmetry,0.6
e41c6fd3,14,30,14,30,1.0,5,5,False,False,420,8.66,3,symmetry,0.6
e45ef808,12,12,12,12,1.0,3,5,True,False,144,3.08,2,mapping,0.9
e4888269,10,20,10,20,1.0,8,8,False,False,200,4.38,3,symmetry,0.6
e48d4e1a,10,10,10,10,1.0,3,2,True,False,100,2.18,4,mapping,0.9
e4941b18,9,9,9,9,1.0,4,4,False,False,81,1.84,3,symmetry,0.6
e5062a87,10,10,10,10,1.0,3,3,False,False,100,2.18,3,symmetry,0.6
e509e548,10,11,10,11,1.0,2,4,True,False,110,2.38,3,mapping,0.9
e50d258f,10,10,3,3,0.09,4,3,True,True,100,2.2,3,extraction,0.85
e57337a4,15,15,3,3,0.04,2,2,False,True,225,4.64,3,extraction,0.85
e5790162,6,6,6,6,1.0,3,3,False,False,36,0.94,5,symmetry,0.6
e5c44e8f,11,11,11,11,1.0,3,3,False,False,121,2.6,3,symmetry,0.6
e619ca6e,25,22,25,22,1.0,2,2,False,False,550,11.14,3,symmetry,0.6
e633a9e5,3,3,5,5,2.7777777777777777,5,5,False,True,9,0.44,3,tiling,0.7
e6721834,11,20,11,10,0.5,5,4,True,True,220,4.64,3,extraction,0.85
e681b708,22,24,22,24,1.0,5,5,False,False,528,10.82,3,symmetry,0.6
e69241bd,9,9,9,9,1.0,5,5,False,False,81,1.88,3,symmetry,0.6
e6de6e8f,2,12,8,7,2.3333333333333335,2,3,True,True,24,0.64,3,tiling,0.7
e729b7be,17,17,17,17,1.0,7,7,False,False,289,6.12,3,symmetry,0.6
e73095fd,13,16,13,16,1.0,2,3,True,False,208,4.32,3,mapping,0.9
e734a0e8,23,23,23,23,1.0,3,3,False,False,529,10.74,2,symmetry,0.6
e74e1818,11,11,11,11,1.0,6,6,False,False,121,2.72,3,symmetry,0.6
e760a62e,24,24,24,24,1.0,4,5,True,False,576,11.76,3,mapping,0.9
e7639916,8,12,8,12,1.0,2,3,True,False,96,2.08,3,mapping,0.9
e76a88a6,10,10,10,10,1.0,4,3,True,False,100,2.18,2,mapping,0.9
e78887d1,5,15,3,15,0.6,5,5,False,True,75,1.78,4,extraction,0.85
e7a25a18,14,14,6,6,0.1836734693877551,6,5,True,True,196,4.18,2,extraction,0.85
e7b06bea,12,8,12,8,1.0,4,4,False,False,96,2.18,5,symmetry,0.6
e7dd8335,8,9,8,9,1.0,2,3,True,False,72,1.6,3,mapping,0.9
e84fef15,29,29,5,5,0.029726516052318668,5,5,True,True,841,17.08,3,extraction,0.85
e8593010,10,10,10,10,1.0,2,4,True,False,100,2.18,3,mapping,0.9
e872b94a,7,7,3,1,0.061224489795918366,2,1,True,True,49,1.12,4,extraction,0.85
e88171ec,15,15,15,15,1.0,2,3,True,False,225,4.66,3,mapping,0.9
e8dc4411,13,15,13,15,1.0,3,3,False,False,195,4.08,3,symmetry,0.6
e9614598,10,10,10,10,1.0,2,3,True,False,100,2.14,2,mapping,0.9
e98196ab,11,11,5,11,0.45454545454545453,4,3,True,True,121,2.62,3,extraction,0.85
e99362f0,11,9,5,4,0.20202020202020202,6,5,True,True,99,2.32,6,extraction,0.85
e9ac8c9e,10,10,10,10,1.0,6,5,True,False,100,2.28,3,mapping,0.9
e9afcf9a,2,6,2,6,1.0,2,2,False,False,12,0.36,2,symmetry,0.6
e9b4f6fc,13,13,4,7,0.16568047337278108,6,3,True,True,169,3.64,4,extraction,0.85
e9bb6954,18,14,18,14,1.0,9,9,False,False,252,5.48,4,symmetry,0.6
e9c9d9a1,15,12,15,12,1.0,2,7,True,False,180,3.84,3,mapping,0.9
e9fc42f2,13,13,8,5,0.23668639053254437,4,4,False,True,169,3.6,3,extraction,0.85
ea32f347,10,10,10,10,1.0,2,4,True,False,100,2.2,4,mapping,0.9
ea786f4a,5,5,5,5,1.0,2,2,False,False,25,0.64,3,symmetry,0.6
ea959feb,22,25,22,25,1.0,7,7,False,False,550,11.34,3,symmetry,0.6
ea9794b1,10,10,5,5,0.25,5,5,False,True,100,2.32,6,extraction,0.85
eb281b96,4,17,13,17,3.25,2,2,False,True,68,1.48,2,tiling,0.7
eb5a1d5d,22,25,3,3,0.016363636363636365,2,2,False,True,550,11.14,3,extraction,0.85
ec883f72,9,9,9,9,1.0,3,3,False,False,81,1.82,4,symmetry,0.6
ecaa0ec1,11,10,11,10,1.0,4,4,False,False,110,2.44,4,symmetry,0.6
ecb67b6d,6,8,6,8,1.0,2,3,True,False,48,1.12,3,mapping,0.9
ecdecbb3,13,18,13,18,1.0,3,3,False,False,234,4.86,3,symmetry,0.6
ed36ccf7,3,3,3,3,1.0,2,2,False,False,9,0.34,4,symmetry,0.6
ed74f2f2,5,9,3,3,0.2,2,2,True,True,45,1.1,6,extraction,0.85
ed98d772,3,3,6,6,4.0,2,2,False,True,9,0.36,5,tiling,0.9
edcc2ff0,20,10,20,10,1.0,6,5,True,False,200,4.28,3,mapping,0.9
ef135b50,10,10,10,10,1.0,2,3,True,False,100,2.16,3,mapping,0.9
ef26cbf6,11,7,11,7,1.0,6,5,True,False,77,1.8,2,mapping,0.9
f0100645,10,10,10,10,1.0,3,3,False,False,100,2.16,2,symmetry,0.6
f0afb749,2,2,4,4,4.0,2,3,True,True,4,0.24,3,tiling,0.9
f0df5ff0,15,15,15,15,1.0,6,6,False,False,225,4.8,3,symmetry,0.6
f0f8a26d,9,9,9,9,1.0,2,2,False,False,81,1.76,3,symmetry,0.6
f15e1fac,14,10,14,10,1.0,3,3,False,False,140,2.98,3,symmetry,0.6
f18ec8cc,9,14,9,14,1.0,3,3,False,False,126,2.72,4,symmetry,0.6
f1bcbc2c,10,10,10,10,1.0,3,3,True,False,100,2.2,4,mapping,0.9
f1cefba8,15,17,15,17,1.0,3,3,False,False,255,5.28,3,symmetry,0.6
f21745ec,21,21,21,21,1.0,6,5,True,False,441,9.1,3,mapping,0.9
f25fbde4,9,9,6,6,0.4444444444444444,2,2,False,True,81,1.76,3,extraction,0.85
f25ffba3,10,4,10,4,1.0,4,4,False,False,40,1.0,2,symmetry,0.6
f2829549,4,7,4,3,0.42857142857142855,4,2,True,True,28,0.78,5,extraction,0.85
f28a3cbb,9,9,9,9,1.0,3,3,False,False,81,1.78,2,symmetry,0.6
f341894c,10,10,10,10,1.0,4,4,False,False,100,2.22,3,symmetry,0.6
f35d900a,17,16,17,16,1.0,3,4,True,False,272,5.66,4,mapping,0.9
f3b10344,30,30,30,30,1.0,3,4,True,False,900,18.2,3,mapping,0.9
f3cdc58f,10,10,10,10,1.0,5,5,False,False,100,2.26,3,symmetry,0.6
f3e14006,12,12,12,12,1.0,5,5,False,False,144,3.16,4,symmetry,0.6
f3e62deb,10,10,10,10,1.0,2,2,False,False,100,2.2,6,symmetry,0.6
f45f5ca7,10,10,10,10,1.0,5,5,False,False,100,2.26,3,symmetry,0.6
f5aa3634,15,13,3,3,0.046153846153846156,8,3,True,True,195,4.18,3,extraction,0.85
f5b8619d,6,6,12,12,4.0,2,3,True,True,36,0.88,3,tiling,0.9
f5c89df1,13,13,13,13,1.0,4,2,True,False,169,3.56,3,mapping,0.9
f76d97a5,5,5,5,5,1.0,2,2,True,False,25,0.64,3,mapping,0.9
f823c43c,12,12,12,12,1.0,3,2,True,False,144,3.02,2,mapping,0.9
f83cb3f6,12,14,12,14,1.0,3,3,False,False,168,3.54,3,symmetry,0.6
f8a8fe49,15,15,15,15,1.0,3,3,False,False,225,4.68,3,symmetry,0.6
f8b3ba0a,13,10,3,1,0.023076923076923078,5,3,True,True,130,2.84,4,extraction,0.85
f8be4b64,18,18,18,18,1.0,5,5,False,False,324,6.76,4,symmetry,0.6
f8c80d96,10,10,10,10,1.0,2,2,True,False,100,2.14,3,mapping,0.9
f8cc533f,19,19,19,19,1.0,5,5,False,False,361,7.48,3,symmetry,0.6
f8f52ecc,10,10,10,10,1.0,3,3,False,False,100,2.18,3,symmetry,0.6
f8ff0b80,12,12,3,1,0.020833333333333332,4,3,True,True,144,3.08,3,extraction,0.85
f9012d9b,4,4,1,1,0.0625,3,1,True,True,16,0.46,3,extraction,0.85
f9a67cb5,11,12,11,12,1.0,3,3,False,False,132,2.82,3,symmetry,0.6
f9d67f8b,30,30,30,30,1.0,9,8,True,False,900,18.42,4,mapping,0.9
fafd9572,10,12,10,12,1.0,5,4,True,False,120,2.62,2,mapping,0.9
fafffa47,6,3,3,3,0.5,3,2,True,True,18,0.56,5,extraction,0.85
fb791726,3,3,6,6,4.0,2,3,True,True,9,0.34,3,tiling,0.9
fbf15a0b,20,20,10,20,0.5,3,2,True,True,400,8.18,4,extraction,0.85
fc10701f,12,12,12,12,1.0,4,4,True,False,144,3.1,3,mapping,0.9
fc4aaf52,16,16,16,16,1.0,3,3,False,False,256,5.28,2,symmetry,0.6
fc754716,5,7,5,7,1.0,2,2,False,False,35,0.86,4,symmetry,0.6
fcb5c309,13,16,6,7,0.20192307692307693,3,2,True,True,208,4.32,3,extraction,0.85
fcc82909,10,10,10,10,1.0,6,7,True,False,100,2.32,3,mapping,0.9
fd02da9e,8,8,8,8,1.0,2,2,False,False,64,1.44,4,symmetry,0.6
fd096ab6,24,24,24,24,1.0,6,6,False,False,576,11.8,2,symmetry,0.6
fd4b2b02,16,16,16,16,1.0,2,3,True,False,256,5.28,3,mapping,0.9
fe45cba4,8,8,8,8,1.0,3,3,False,False,64,1.44,2,symmetry,0.6
fe9372f3,7,16,7,16,1.0,2,5,True,False,112,2.42,2,mapping,0.9
fea12743,16,11,16,11,1.0,2,4,True,False,176,3.7,3,mapping,0.9
feca6190,1,5,15,15,45.0,4,4,False,True,5,0.36,5,tiling,0.9
ff2825db,10,10,10,10,1.0,6,6,False,False,100,2.3,3,symmetry,0.6
ff28f65a,6,6,3,3,0.25,2,2,True,True,36,0.96,8,extraction,0.85
ff72ca3e,9,8,9,8,1.0,3,4,True,False,72,1.66,4,mapping,0.9
ff805c23,24,24,5,5,0.043402777777777776,5,2,True,True,576,11.72,3,extraction,0.85
